Equipo;Denominación
1732055;MATRIZ PREPARACION CAPOT CV080 [O.Z]
1744635;MATRIZ PREPARACION PORTILLON CR080
1744638;PINZA ARO PRELIMINAR X52  [EM01]
1744640;PINZA ARO LATERALES X
1744641;PINZA ARO PRELIMINAR X52 [EM02]
1744642;PINZA ARO PRELIMINAR X52  [EM02]
1744644;PINZA ARO PRELIMINAR X52  [EM02]
1744645;PINZA ARO PRELIMINAR X52 [EM02]
1744647;SOLDADOR MILLER
1744654;TUCKER M5 PLM200  TECHO – BM50
1744665;PINZA ARO BLOQUE DELANTERO  [EM04]
1744666;MATRIZ AIG005 ENSAMBLE REF FARO I [O.Z]
1744668;MATRIZ LVG005 LARGUERO IZQ PREENSAMBLE
1744670;MATRIZ LRD 005 HJD
1744672;ESTACIONARIA PRP5
1744673;ESTACIONARIA PRP6
1744675;ESTACIONARIA PRP4
1744677;ESTACIONARIA PRP7
1744678;DISPOSITIVO MONTAJE TRAMPA GASOLINA H79
1744679;PINZA ARO BLOQUE DELANTERO [EM04]
1744680;PINZA ARO BLOQUE DELANTERO  [EM04]
1744681;PINZA ARO BLOQUE DELANTERO  [EM04]
1744682;PINZA ARO BLOQUE DELANTERO  [EM04]
1744683;PINZA ARO BLOQUE DELANTERO  [EM04]
1744686;PINZA ARO  SUB [EM09]
1744687;PINZA ARO BLOQUE DELANTERO [EM01]
1744688;PINZA ARO BLOQUE DELANTERO  [EM16]
1744689;PINZA GFW  SUB
1744690;PINZA ARO BLOQUE DELANTERO  [EM01]
1744691;PINZA ARO BLOQUE DELANTERO  [EM11]
1744692;MATRIZ PREPARACION CAPOT CV040
1744693;MATRIZ CW010 H79  X52 BLOQUE DEL [J.V]
1744695;MATRIZ PREPARACION PORTILLON CR04L
1744697;MATRIZ PREPARACION PORTILLON CR04B
1744698;PINZA ARO BLOQUE DELANTERO  [EM13]
1744699;PINZA ARO BLOQUE DELANTERO  [EM04]
1744700;PINZA ARO BLOQUE DELANTERO [EM16]
1744701;PINZA ARO SUBENSAMBLE CCG270 JESP IZQ
1744702;PINZA ARO BLOQUE DELANTERO  [EM13]
1744703;PINZA ARO PUERTAS HJD
1744704;MARCACION VIN BLOQUE DELANTERO
1744709;MATRIZ CW020 H79- X52 BLOQUE DEL  [J.V]
1744712;MATRIZ TU005 ENSAM. REFU. BAJO TUNEL 4X4
1744714;ESTACIONARIA PRP11
1744715;ESTACIONARIA PRP1
1744716;ESTACIONARIA PRP2
1744717;ESTACIONARIA PRP3
1744720;PINZA ARO LATERALES X52  [EM07]
1744721;MILLER BLOQUE X52
1744722;PINZA GFW BLOQUE DELANTERO  [EM11]
1744723;PINZA ISI WELDING MF PUERTAS
1744735;PINZA GFW PIVOTANTE  H79  [EM06]
1744738;PLASMA STAND BY X52 CAMPUZANO
1744752;PINZA ARO PIVOTANTE X90  [EM05]
1744753;PINZA ARO PIVOTANTE X52  [EM05]
1744755;PINZA -GFW ESTRIBOS BM40
1744756;PINZA GFW ESTRIBOS BM40
1744764;PINZA ARO  SUB ENSAMBLE
1744765;PINZA ARO LATERALES X52  [EM05]
1744770;PINZA ARO SUB ENSAMBLE
1744772;BOMBA MASTIC
1744779;PINZA ARO SUB [EM09]
1744784;MATRIZ ISOFIX IZQ X52 MESA APLIC CO2
1744789;PINZA ARO PORTILLO L52  [EM13]
1744798;PINZA ARO LATERALES X52  [EM07]
1744806;PINZA ARO CABINA X52  [EM05]
1744807;PINZA ARO CABINA X52  [EM05]
1744808;PINZA CABINA X52  [EM05]
1744809;PINZA GFW SUB [EM09]
1744810;PINZA ARO FORRO DE PIE X52  [EM05]
1744811;PINZA ARO LATERALES X52  [EM06]
1744812;PINZA ARO LATERALES X52  [EM05]
1744813;BOMBA MASTIC
1744819;PINZA CAPO B52  [EM13]
1744822;: PINZA ARO SR010 PISO JESP DER
1744825;PINZA ARO ESCUELA DESTREZAS [EM14]
1744830;PINZA ARO LATERALES X52   [EM05]
1744832;BOMBA MASTIC
1744834;PINZA ARO ESCUELA DESTREZAS [EM14]
1744843;ROBOT H79 PUERTAS DELANTERAS DORIAN P
1744844;PINZA PUERTA B52  [EM14]
1744847;PINZA PUERTA TT
1744853;BOMBA MASTIC LATERALES JULIAN C
1744857;MATRIZ JR010 FALDON 2 [O.Z]
1744858;PINZA ARO LATERALES X52  [EM07]
1744860;PINZA ARO LATERALES X52  [EM06]
1744861;PINZA ARO PASO RUE LATERAL   X52  [EM06]
1744863;MATRIZ TV005 TRAVIESA EXTREMA
1744865;PINZA ARO LATERALES X52  [EM06]
1744867;PINZA ARO LATERALES X52  [EM06]
1744873;MATRIZ LRO005 MESA APLIC CO2 ANILLO REMO
1744874;PINZA ARO LARGUERO TRASER IZQ X52 [EM01]
1744875;PINZA ARO SUB [EM09]
1744876;PINZA ARO LATERALES X52  [EM08]
1744877;PINZA ARO LATERALES X52  [EM07]
1744879;PINZA ARO LATERALES X52  [EM05]
1744880;MATRIZ TVO005 MESA APLICAC. CO2 TUNEL
1744882;PINZA GFW SUB [EM10]
1744883;PINZA ARO LATERALES X52  [EM08]
1744885;PINZA ARO LATERALES X52 [EM08]
1744892;PINZA PUERTA L52  [EM14]
1744893;PINZA PUERTA TT
1744894;PINZA PUERTA L52  [EM15]
1744895;PINZA PUERTA L52  [EM15]
1744897;PINZA PUERTA TT
1744899;PINZA PUERTA X52  [EM16]
1744901;BOMBA MASTIC SERTISSAGE
1744903;PINZA PUERTA TT
1744907;PINZA PUERTA TT
1744909;PINZA GFW SUB ENSAMBLE
1744911;PINZA GFW BASE RODANTE X52  [EM11]
1744918;TUCKER M5 PLM200
1744923;TUCKER PLM200  LATERALES H79 ROBER SOSSA
1744940;MATRIZ CXPOG/D005 MESA APLICA. CO2 APPUI
1744944;PINZA GFW LATERALES H79  [EM05]
1744958;TUCKER PLM200  LATERALES
1744959;TUCKERr M5 PLM200 LATERALES H79 ROBER S
1744964;PINZA GFW SUB [EM10]
1744969;PINZA ALETAS H79  [EM16]
1744970;PINZA ALETAS H79  [EM15]
1744971;PINZA ALETAS H79  [EM16]
1744973;PINZA ALETAS H79  [EM15]
1744982;PINZA GFW SUB [EM10]
1744983;PINZA GFW PUERTAS H79  [EM13]
1744996;PINZA GFW PUERTAS H79  [EM13]
1744999;MESA GIRATORIA PRELIMINAR X52
1745000;MATRIZ BR005 X52 BLOQUE DELANTERO [J.V]
1745001;POLIPASTO PISO X52 BR010 ESNEIDER H
1745002;PINZA ARO PISO X52  [EM01]
1745003;PINZA ARO BR05  [EM11]
1745005;MATRIZ ISOFIX DERECHO X52 MESA APLIC CO2
1745021;DISPOS AJUSTE PORTILLON/TECHO IZQ B52
1745022;MATRIZ SC010 X52 H79 PISO CENTRAL [J.A]
1745023;PINZA PISO X52  [EM01]
1745024;PINZA PISO X52  [EM01]
1745026;PINZA ARO PISO X52  [EM16]
1745028;MATRIZ TU010 H-X TUNEL PISO CENTRAL[J.A]
1745029;MATRIZ CX010 H79 X52 PISO CENTRAL [J.A]
1745031;POLIPASTO PISO X52 ESNEIDER H
1745034;PINZA ARO PISO X52  [EM04]
1745035;PINZA ARO PISO X52  [EM11]
1745036;PINZA ARO PISO X52  [EM01]
1745037;MATRIZ SR04 FALDON SUPER. PISO TRASERO
1745038;PINZA PISO X52  [EM13]
1745040;PINZA ARO PISO X52 [EM04]
1745041;PINZA ARO PISO X52  [EM16]
1745042;PINZA ARO PISO X52  [EM13]
1745043;PINZA ARO PISO X52  [EM02]
1745044;PINZA ARO PISO X52  [EM04]
1745045;PINZA ARO PISO X52  [EM11]
1745046;PINZA ARO X52 SUB ENSAMBLE
1745049;MATRIZ JR010 B52 F2 FALDON SUPERIOR
1745059;MATRIZ PCG010 GOTERA IZQUIERDA B52
1745079;DISPOSITIVO MONTAJE TRAMPA GASOLINA B52
1745084;DISPOSITIVO CAPOT/ALETAS X52
1745090;DISPOSITIVO AJUSTE PORTILLON LD L52
1745109;DISPOSITIVO AJUSTE PORTILLON LI L52
1745111;MATRIZ PCG010 GOTERA IZQUIERDA L52
1745112;OXIACETILENO TERMINACION
1745117;POLIPASTO FINAL LINEA BM2 BM110
1745120;TUCKER M5 PLM200 CABINA TERMINAC ROBER S
1745121;TUCKER M5 PLM200 CABINA TERM ROBER SOSSA
1745122;TUCKER M6 PLM200 CABINA TERM ROBER SOSSA
1745123;PISTOLA Y ALIMENTADOR TUCKER M5-BM100
1745124;MILLER TERMINACION X52
1745125;MILLER TERMINACION STAND BY
1745126;MILLER TERMINACION STAND BY
1745127;MILLER TERMINACION X52
1745128;MILLER TERMINACION X52
1745132;OXIACETILENO X52
1745135;PIVOTANTE CAJA EN BLANCO CAMPUZANO
1745138;MILLER TERMINACION X52
1745139;MILLER TERMINACION X52
1745142;RED AGUA SOLDADURA
1745143;RED CO2 SOLDADURA
1745144;RED AIRE SOLDADURA
1745145;RED ELECTRICA SOLDADURA
1745148;PINZA DESTRUCTIVA
1745149;TECH TERMINACION
1745153;MATRIZ TL010 MALETERO L52 [J.A]
1745158;DISPOSITIVO MONTAJE TRAMPA GASOLINA L52
1957981;AGV SOLDADURA
1959851;PINZA ARO LATERAS IZR X  [EM08]
1959854;TUCKER  M5 PLM200 STAND BY X52 ROBER S
1995124;ESTACIONARIA PRP9
1995125;ESTACIONARIA PRP10
2052402;ROBOT B1 DORIAN P
2052406;ROBOT B2 DORIAN P
2052407;ROBOT B3 DORIAN P
2052449;ROBOT B4 DORIAN P
2052450;DISPOSITIVO NEUMATICO TI L52 MIGUEL R
2052451;DISPOSITIVO NEUMAT PUERTA TD L52 MIGUEL
2052452;DISPOSITIVO NEUMAT PUERTA DI L52 MIGUEL
2052453;DISPOSITIV NEUMAT PUERTA DD L52 MIGUEL R
2053514;POLIPASTO LATERAL DERECHO FINAL  EM15
2053515;POLIPASTO LATERAL DERECHO 1 EM15
2053542;POLIPASTO LATERAL 2 DERECHO
2053543;POLIPASTO LATERAL 2 IZQUIERDO
2053544;TUCKER PLM200 LATERAL DERECHO X52 ROBER
2053545;TUCKER MASA PLM200 – BM100
2053546;TUCKER M5 PLM200 LAT DERECHO X52 ROBER S
2053547;TUCKER M5 PLM200 LATERAL DER X52 ROBER S
2053550;ECKOLD LATERAL DERECHO X52
2053551;ECKOLD LATERAL IZQUIERDO X52
2053749;MATRIZ LVG005 X52 BLOQUE DELANTERO [J.V]
2053750;MATRIZ TA005 TIB SUPERIOR SUBENSAMBLES
2053751;MATRIZ SR005 X52  PISO CENTRAL [J.A]
2053752;MATRIZ CCD015 x52 SUB ENSAMBLE
2053753;MATRIZ LAT. DER. CCD100 L52
2053754;MATRIZ CCG100 LATERAL I L52 [J.A]
2053755;MATRIZ DCG020 L52 LAT IZQUIERDO MIGUEL R
2053756;MATRIZ DCG020 B52 LATERAL I [M.R]
2053757;MATRIZ PCG100 X52 LATERAL I  [M.R]
2053758;MATRIZ DCD020 L52 LATERAL DERECHO
2053759;MATRIZ DCD020 B52 LATERAL I [MR]
2053760;MATRIZ PCD100 X52 LATERAL D [M.R]
2053761;PT010 DISPOSITIVO PREPARAC. TECHO
2053762;MATRIZ PED180 TUCKER DOBLADU. CUSTOD DER
2053763;MATRIZ PEG180 TUCKER DOBLADU CUSTOD IZQ
2053764;MATRIZ PYG015 PASO RUEDA TRAS IZQ TABLET
2053765;MATRIZ PVD020 SERTISSAGE TT
2053766;MATRIZ PVG020 SERTISSAGE TT
2053767;MATRIZ PVG010 SERTISSAGE TT
2053768;MATRIZ PRG010 X52  SERTISSAGE [O.Z]
2053769;MATRIZ PYD015 PASO RUEDA TRAS DERE TRASE
2053770;MATRIZ PRG020 X52 SERTISSAGE [O.Z]
2053771;MATRIZ PVG030 SERTISSAGE TT
2053772;MATRIZ PRG030 X52 SERTISSAGE [O.Z]
2053773;MATRIZ PRD010 X52 SERTISSAGE [O.Z]
2053774;MATRIZ PVD010 SERTISSAGE TT
2053776;MATRIZ PRD020 X52 SERTISSAGE [O.Z]
2053777;MATRIZ PVD030 SERTISSAGE TT
2053778;MATRIZ PRD030 X52 SERTISSAGE [O.Z]
2053779;MATRIZ CV010 X52 SERTISSAGE [O.Z]
2053780;MATRIZ CR010 L52 SERTISSAGE [O.Z]
2053781;MATRIZ AIG010 X52SERTISSAGE ALETAS [O.Z]
2053782;MATRIZ AID010 X52 SERTISSAGE ALETAS[O.Z]
2053784;MATRIZ CR020 APL MASTIC PORTILLON [O.Z]
2053785;MATRIZ CV020 APLIC MASTIC CAPOT [O.Z]
2053786;MATRIZ CR030 B52 SERTISSAGE [O.Z]
2053791;MATRIZ PRD005 REFUE ARTICULACN DER [O.Z]
2053793;MATRIZ PRG005 ARTICULACION IZQ [O.Z]
2053795;MATRIZ PRGD002 ENSAM. REFU. P.T.D [O.Z]
2053799;MATRIZ LVD020 H-X BLOQUE DELANT D [J.A]
2053802;MATRIZ PVD008 REFU ARTICULAC P.I
2053805;MATRIZ CR010 MASTIC PORTILLON [O.Z]
2053806;MATRIZ PVD002 BAJANTE DERECHO [O.Z]
2053807;MATRIZ PVG002 BAJANTE IZQUIERDO [J.A]
2053808;MATRIZ LRG020  X52  PISO TRASERO [J.A]
2053809;MATRIZ PISO TRA LARG D LRD020 X52 [J.A]
2053811;ISLA SUR SERTISSAGE X52
2053812;ISLA NORTE SERTISSAGE X52 DORIAN P
2053882;ESTRUCTURA TERMINACION
2054215;ESTRUCTURA UNIDAD 1
2054216;ESTRUCTURA UNIDAD 2
2054217;ESTRUCTURA SERTISSAGE
2057003;ESTACIONARIA PRP12
2057490;BOMBA STAND BY PIVOTANTE X52 JULIAN C
2061884;Bloqueo y etiquetado #1
2061885;BLOQUEO Y ETIQUETADO #1
2061886;BLOQUEO Y ETIQUETADO #2
2061887;BLOQUEO Y ETIQUETADO #3
2061888;BLOQUEO Y ETIQUETADO #4
2061889;BLOQUEO Y ETIQUETADO #5
2061890;BLOQUEO Y ETIQUETADO #6
2061891;BLOQUEO Y ETIQUETADO #7
2061892;BLOQUEO Y ETIQUETADO #8
2062173;BLOQUEO Y ETIQUETADO #9
2062174;BLOQUEO Y ETIQUETADO #9
2062175;BLOQUEO Y ETIQUETADO #10
2062280;KIT DE ALTURAS #1
2062281;KIT DE ALTURAS #2
2062282;KIT DE ALTURAS #3
2062283;KIT DE ALTURAS #4
2062284;KIT DE ALTURAS #5
2062285;KIT DE ALTURAS #6
2062286;KIT DE ALTURAS #7
2062287;KIT DE ALTURAS #8
2062288;KIT DE ALTURAS #9
2062289;KIT DE ALTURAS #10
2062290;KIT DE ALTURAS #11
2062291;KIT DE ALTURAS #12
2062292;KIT DE ALTURAS #13
2062293;KIT DE ALTURAS #14
2062294;KIT DE ALTURAS #15
2062295;KIT DE ALTURAS #16
2062297;KIT DE ALTURAS #17
2062300;KIT DE ALTURAS #18
2062301;KIT DE ALTURAS #19
2062303;KIT DE ALTURAS #20
2062311;KIT DE ALTURAS #24
2062312;KIT DE ALTURAS #25
2062314;KIT DE ALTURAS #26
2062315;KIT DE ALTURAS #27
2062317;KIT DE ALTURAS #28
2062319;ESLINGA ARNES #1
2062340;ESCALERA 1 CUERPO FIBRA DE VIDRIO
2062378;KIT ELECTRICO #1
2062379;KIT ELECTRICO #2
2065042;MATRIZ DCG005 L52LATERAL IZQUIERDO [M.R]
2065043;MATRIZ DCD005 L52 LATERAL DERECHA [M.R]
2065044;MATRIZ PYG010 X52LATERAL IZQUIERDA [M.R]
2065189;MATRIZ FV010 X52 INICIO LATERAL I [M.R]
2065190;MATRIZ RC010 ENS PANEL EXT TRAMP B [O.Z]
2065191;MATRIZ RC010 ENS PANEL EXT TRAMP L [O.Z]
2065193;CAJON PUERTA TRASERA IZQUIERDA X52
2065228;MATRIZ DBD010 X52  BLOQUE DEL D [J.A]
2065241;MATRIZ CCG015 X52 SUB ENSAMBLE
2069024;UNIDAD HIDRAULICA STAND BY
2075690;MATRIZ SR 010 X52 H79 CENTRAL [J.A]
2075691;MATRIZ TC020   X 52 SUB ENSAMBLE
2075692;MATRIZ LRD 010 HJD
2075693;MATRIZ LRD 010 LARGUERO DERECHO
2075694;MATRIZ LRG 010 HJD
2075695;MATRIZ  LRG 010 LARGUERO IZQUIERDO
2075696;MATRIZ CL010 X52 SUB ENSAMBLE
2075697;MATRIZ TC 010  X 52 SUB ENSAMBLE
2075699;MATRIZ CCD015 H79 LAT PIE MEDIO [J.A]
2075700;MATRIZ DPG010 X52 PRELIMINAR 2 IZQ [J.A]
2075701;MATRIZ DPD10 X52 PRELIMINAR 2 DER
2075704;MATRIZ CCD050 X52 SUB ENSAMBLE
2075706;MATRIZ PYG005 X52  LATERAL IZQ [M.R]
2075707;MATRIZ PCD010 B52 LATERAL DER [M.R]
2075708;MATRIZ PCD010 L52  LATERAL DER [M.R]
2075709;MATRIZ CCG050 X52 
2075710;MATRIZ PCG010 L52  LATERAL IZQ [M.R]
2075711;MATRIZ PCG010 B52  LATERAL IZQ [M.R]
2075713;MATRIZ PYD005 X52 LATERAL DER [MR]
2075714;MATRIZ PYD010 X52  LATERAL DER [MR]
2077410;PINZA GFW BASE SUB ENSAMBLE
2079262;MATRIZ DBG 010 X52   BLOQUE DEL I [J.A]
2079266;MATRIZ LVG010 X52FB COPELA BLOQ DI [J.A]
2079269;MATRIZ LVD010 X52 COPELA BLOQUE DI [J.A]
2093988;CARRETA DE ESTRACCION
2096874;ESTACIONARIA ALETAS CAMPUZANO
2102601;DISPOSITIVO NEUMAT PUERTA TI H79 MIGUELR
2102602;DISPOSITIVO NEUMAT PUERTA TD H79 MIGUELR
2102603;DISPOSITIVO NEUMAT PUERTA DI H79 MIGUE R
2102604;DISPOSITIV NEUMAT PUERTA DD H79 MIGUEL R
2102605;DISPOSITIV NEUMAT PUERTA TI B52 MIGUEL R
2102606;DISPOSITIV NEUMAT PUERTA TD B52 MIGUEL R
2102607;DISPOSITIV NEUMAT PUERTA DI B52 MIGUEL R
2102608;DISPOSITIVO NEUMAT PUERTA DD B52 MIGUE R
2105390;PINZA ARO SUB [EM10]
2105393;PINZA ARO BLOQUE DELANTERO  [EM04]
2105396;PINZA ARO PISO X52  [EM01]
2105483;BOMBA MASTIC  PF250
2106831;BOMBA MASTIC  TM1044
2106834;PISTOLA MASTIC  PF250
2106836;PISTOLA MASTIC  PF250
2106837;PISTOLA MASTIC  PF250
2106838;PISTOLA MASTIC  PISO TRASERO CAMPUZANO
2106840;PISTOLA MASTIC  PF250
2106841;PISTOLA MASTIC  PRELIMINAR CAMPUZANO
2106843;PISTOLA MASTIC  GOUJON'S
2106844;PISTOLA MASTIC  PREPARACION CABINA
2106847;BOMBA MASTIC  LATERAL IZQ JULIAN C
2106848;PISTOLA MASTIC LATERAL IZQ JULIAN C
2106851;PISTOLA MASTIC LATERAL DER JULIAN C
2106926;PISTOLA MASTIC LATERAL DER
2106929;PISTOLA MASTIC LATERAL IZQ
2107097;PISTOLA MASTIC LATERAL DER
2107099;PISTOLA MASTIC LATERAL IZQ
2107100;PISTOLA MASTIC LATERAL DER
2107101;PISTOLA MASTIC LATERAL IZQ JULIAN C
2107102;PISTOLA MASTIC SERTISSAGE
2107103;PISTOLA MASTIC SERTISSAGE
2107105;PISTOLA MASTIC 1027
2107106;PISTOLA MASTIC SERTISSAGE
2107107;PISTOLA MASTIC 1027
2107108;BOMBA MASTIC  250
2107110;PISTOLA MASTIC 250
2107113;PISTOLA MASTIC 1027
2107114;PISTOLA MASTIC 1027
2107115;PISTOLA MASTIC 1027
2107116;PISTOLA MASTIC 1027
2107118;PISTOLA MASTIC SERTISSAGE
2107119;PISTOLA MASTIC SERTISSAGE
2107125;PISTOLA MASTIC SERTISSAGE
2107127;BOMBA MASTIC  SERTISSAGE
2107130;PISTOLA MASTIC 250
2107131;PISTOLA MASTIC 250
2107169;PISTOLA MASTIC  PF250
2107170;PISTOLA MASTIC  PF250
2107171;PISTOLA MASTIC  PF250
2107901;PINZA ARO BLOQ DEL [EM04]
2107902;PINZA ARO PRELIMINAR X52  [EM16]
2107903;PINZA ARO PRELIMINAR X52  [EM02]
2107905;PINZA ARO SUB [EM10]
2107910;PINZA ARO PISO X52  [EM02]
2107911;PINZA ARO PISO X52  [EM11]
2107912;PINZA ARO PISO X52  [EM11]
2107913;PINZA ARO PISO X52  [EM11]
2115402;PULIDORA ORBITAL
2115403;PULIDORA ORBITAL
2115404;PULIDORA ORBITAL
2115405;PULIDORA ORBITAL
2115406;PULIDORA 
2115407;PULIDORA 
2115408;PULIDORA 
2115409;PULIDORA DE PASTA
2115410;PULIDORA DE BANDA
2115411;MINI PULIDORTA
2115415;0
2115416;PULIDORA ORBITAL-DYNABRADE
2115417;PULIDORA ORBITAL-DYNABRADE
2115418;PULIDORA  -CHICAGO
2115419;PULIDORA  -INGERSOLL RAND
2115420;PULIDORA  -ATA
2115421;MINI PULIDORA-INGERSOLL RAND 
2115422;MOTOTOOL-INGRSOLL RAND
2115423;MOTOTOOL-CP
2115424;PULIDORA ORBITAL-DYNABRADE
2115426;PULIDORA - BLUE POINT
2115427;PULIDORA ORBITAL-DYNABRADE
2115428;PULIDORA ORBITAL-DYNABRADE
2115429;PULIDORA ORBITAL-DYNABRADE
2115430;PULIDORA  -INGERSOLL RAND
2115431;PULIDORA  -INGERSOLL RAND
2115432;PULIDORA  -INGERSOLL RAND
2115433;PULIDORA ORBITAL-DYNABRADE
2115434;PULIDORA ORBITAL-DYNABRADE
2115435;PULIDORA  -INGERSOLL RAND
2115436;CORTADORA DE PASTA-INGERSOLL RAND
2115437;CORTADORA DE PASTA-INGERSOLL RAND
2115438;TALADRO NEUMATICO-INGERSOLL RAND
2115440;PULIDORA DE BANDA -INGERSOLL RAND
2115441;PULIDORA DE BANDA -INGERSOLL RAND
2115442;PULIDORA DE BANDA -INGERSOLL RAND
2115443;PULIDORA ORBITAL
2115444;PULIDORA ORBITAL
2115445;PULIDORA ORBITAL
2115446;PULIDORA
2115447;PULIDORA
2115448;PULIDORA
2115449;PULIDORA DE PASTA
2115450;MINI PULIDORTA
2115451;MINI PULIDORTA
2115455;REMACHADORA - CHICAGO
2115456;REMACHADORA - CHICAGO
2115458;REMACHADORA - Avdel
2115459;PULIDORA DE BANDA
2115460;PULIDORA ORBITAL-DYNABRADE
2115461;PULIDORA ORBITAL-DYNABRADE
2115462;PULIDORA  -INGERSOLL RAND
2115463;PULIDORA  -INGERSOLL RAND
2121787;ECKOLD LATERAL DERECHO  X52
2121788;ECKOLD LATERAL IZQUIERDO X52
2123017;PINZA ARO PISO X52 [EM04]
2123018;PINZA ARO PISO X52  [EM04]
2123019;PINZA ARO PISO X52  [EM01]
2126005;PINZA ARO PUERTAS X52  [EM16]
2128556;ELEVADOR GENIE
2131329;MATRIZ  CCD100 LATERAL DERECHO B52 [M.R]
2131330;MATRIZ  CCG100 LATERAL IZQ B52 [M.R]
2135182;UNIDAD DE MANTENIMIENTO TERMINACION
2135183;UNIDAD DE MANTENIMIENTO TERMINACION
2135184;UNIDAD DE MANTENIMIENTO TERMINACION
2135760;PISTOLA MASTIC LATERALES JULIAN C
2135761;PISTOLA MASTIC LATERALES JULIAN C
2135763;BOMBA MASTIC LATERALES JULIAN C
2135764;BOMBA MASTIC SERTISSAGE JULIAN C
2135765;PISTOLA MASTIC SERTISSAGE 52 CAMPUZANO
2135766;BOMBA HIDRAULICA BLOQUE DELANTERO
2135767;MATRIZ PISO CENTRAL X52 [J.A]
2135768;MATRIZ SCPG005 BR010 PRELIMINAR [J.V]
2135770;MATRIZ SCPD005 PRELIMINAR  [J.V]
2135774;PISTOLA MASTIC LATERALES IZQ JULIAN C
2140748;MATRIZ SERTISSAGE [O.Z]
2148652;DISPOSITIVO NEUMATICO LAT DER X MIGUEL R
2148653;DISPOSITIVO NEUMATICO LAT DER X MIGUEL R
2152915;MATRIZ PCD010 GOTERA DERECHA B52
2152916;MATRIZ PCD010 GOTERA DERECHA L52
2154330;TORNO TALLER INVERSIONES SUPERIORES
2154331;FRESADORA TALLER DE INVERSIONES SUPERIOR
2154332;ESMERIL TALLER INVERSIONES SUPERIORES
2154333;TALADRO DE BANCO TALLER INVERSIONES SUP.
2154335;TALADRO MAGNETICO INVERSIONES SUP
2155496;PINZA GFW ESCUELA DESTREZAS [EM16]
2156135;ISLA SERTISSAGE PD H79 DORIAN P
2156800;DISPOSITIVO FIBRA DE VIDRIO
2159087;MOLDE  A1 SERTISSAGE PDI H79
2159088;MOLDE C1 SERTISSAGE PDD H79
2159089;MOLDE Y PRENSOR CAPOT CV700 H79
2159090;MOLDE Y PRENSOR PORTILLON CR700 H79
2159171;MOLDE Y PRENSOR PRD700 PUERTA TD H79
2159172;MOLDE Y PRENSOR PRG700 PUERTA TI H79
2159173;MOLDE SERTISSAGE PORTON A08 L52
2159174;MOLDE SERTISSAGE A01 PTD L52
2159175;MOLDE SERTISSAGE A02 PTD B52
2159176;MOLDE SERTISSAGE A03 PTD B52
2159177;MOLDE SERTISSAGE A04 PTI L52
2159178;MOLDE SERTISSAGE A01 PDD X52
2159179;MOLDE SERTISSAGE A02 PORTILLON B52
2159180;MOLDE SERTISSAGE CAPOT A03 X52
2159181;MOLDE SERTISSAGE PDI A04 X52
2159294;TUCKER PYD005 PASO RUEDA DER H79 ROBER S
2159325;MATRIZ LRD 005 HJD
2170844;POLIPASTO 3D SOLDADURA ESNEIDER H
2182479;DISPOT  INMANTADO AJUSTE PDI VS ADI X52
2182480;DISPOT  INMANTADO AJUSTE PDI VS ADI X52
2182576;MATRIZ RC020  INSTALACION REMACHES TRAMP
2182578;MATRIZ PRD008/ X52 REFUERZO ARTICULACION
2182579;MATRIZ PRGD005/X52 REFUERZO ARTICULACION
2182581;MATRIZ PVGD005/X52 REFUERZO ARTICULACION
2182582;MATRIZ PCG005 X52 PIE DELANTERO  X52
2182583;MATRIZ DBD020 DOBLADURA
2182584;MATRIZ CXPD/GD010
2182586;MATRIZ JR010 L52 FALDON SUPERIOR
2182587;MATRIZ JR010 L52 FALDON INFERIOR
2182698;SKID TERMINACION #1
2182699;SKID TERMINACION #2
2182700;SKID TERMINACION #3
2182701;SKID TERMINACION #4
2182702;SKID TERMINACION #5
2182703;SKID TERMINACION #6
2182704;SKID TERMINACION #7
2182705;SKID TERMINACION #8
2182706;SKID TERMINACION #9
2182707;SKID TERMINACION #10
2182708;SKID TERMINACION #11
2182709;SKID TERMINACION #12
2182710;SKID TERMINACION #13
2182711;SKID TERMINACION #14
2182712;SKID TERMINACION #15
2182713;SKID TERMINACION #16
2182714;SKID TERMINACION #17
2182715;SKID TERMINACION #18
2183262;EXT HUMOS TAB.# 1 ISLA ROBOT ES020
2183263;EXT HUMOS TAB. AIRES #2 LATERALES X 52
2183264;EXT HUMOS TAB. AIRES #3 ESTACIONARIAS
2183265;EXTRACTOR HUM SOLD SECUNDA #1 UND 1 Y 2
2183277;EXTRACTOR HUM SOLDA SECUNDA #1 ALETAS
2183278;EXTRACTOR HUM SOLDA SECUNDA #2 ALETAS
2183279;EXTRACTOR HUM SOLDA SECUNDA #3 ALETAS
2183280;EXTRACTOR HUM SOLDA SECUNDA #4 ALETAS
2183931;TORRE ENFRIAMIENTO FANALCA
2183932;DISPOSITIVO DE TUCKER VASO EXPANSION H79
2183933;DISPOSITIVO DE TUCKER VASO EXPANSION X52
2184629;DISPOSITIVO GOUJON'S REF LARGU DER X52
2185120;DISPOSITIVO GOUJON'S REF LARGU DER H79
2188154;DISPOSITIVO GOUJON'S PASO RUEDA D.D LYB
2188157;DISPOSIT GOUJON'S LARGERO D.I LYB
2188158;DISPOSITIVO GOUJON'S PASO RUEDA D.I LYB
2188159;DISPOSITIVO GOUJON'S  LARGERO D.I  LYB
2188160;DISPOSITIVO GOUJON'S PASO RUEDA T.I X52
2188161;DISPOSITIVO GOUJON'S TABLERO X52
2188162;DISPOSITIVO GOUJON'S PASO RUEDA T.D X52
2188163;DISPOSITIVO GOUJON'STUNEL X52
2188164;DISP GOUJON'S TRAVIEZA CENTRAL H79 4X4
2188165;DISP GOUJON'S TUNEL 4X4 H79
2188166;DISP GOUJON'S MARCACION VIN H79
2188167;DISP GOUJON'S TUNEL 4X2 H79
2188168;DISP GOUJON'S  TABLERO DERECHO X52
2188169;DISP GOUJON'S  PASO RUEDA D.DH79
2188170;DISP GOUJON'S VASO LAVA CRISTAL COPELA X
2188171;DISP GOUJON'S  UNION X52
2188172;DISP GOUJON'S   PISO D.I X52
2188173;DISP GOUJON'S  PASO RUEDA D.I X52
2188174;DISP GOUJON'S  TABLERO IZQUIERDO X52
2188175;DISPOSITIVO GOUJON'S PASO RUEDA T.D H79
2190329;TANQUE C02 CRIOGAS
2193680;PISTOLA ANGULAR COPA L.D ROTULA H79
2193681;PISTOLA ANGULAR COPA L.I ROTULA H79
2193682;PISTOLA ANGULAR COPA TRAVIEZA DE TECHO
2193683;PISTOLA ANGULAR COPA FACHADA DELANTERA
2193684;PISTOLA ANGULAR COPA PREPARACION PUERTAS
2193685;PISTOLA ANGULAR COPA PREPARACION PUERTAS
2193686;PISTOLA ANGULAR CROOFORD MONTAJE PUERTAS
2193687;PISTOLA ANGULAR CROOFORD PUERTAS IZQUIER
2193688;PISTOLA DISPLAY PREPARACION PORTILLON
2193689;PISTOLA DISPLAY FIJACION ALETAS IZQUIERD
2193690;PISTOLA DISPLAY FIJACION PORTILLON
2193691;PISTOLA ELECTRONICA FIJACION ALETAS DER
2193692;PISTOLA IMPACTO SOPORTE EQUILIBRADOR CAP
2193693;PISTOLA IMPACTO TRAVIEZA EXTREMA DEL
2193694;PISTOLA IMPACTO ROTULA LATERAL DER
2193695;PISTOLA IMPACTO ROTULA LATERA IZQ
2195684;CARRO PROXIMIDAD REPUESTOS POLIPASTOS
2198356;EXTRACTOR DE HUMO TECHOS PORTICO HJD
2198357;EXTRACTOR HUMOS SODADURA IDS EQUIPO MIG
2206195;ROBOT COLABORATIVO CALIDAD
2206196;CAMARA DETECCION CALIDAD
2208838;MOTOR X TALLER 1
2225484;MILLER STAND BY BLOQUE
2225488;MILLER STAND BY TERMINACION X52
2225497;SOLDADOR MILLER STAND BY
2225498;BOMBA MASTIC LATERALES H79
2237138;MATRIZ TR-005
2239386;MATRIZ PYG H79 COPELA
2239387;MATRIZ PED/G-180 L-52
2242748;MATRIZ PCD 005 X52
2248961;Dispositivo trampa carburante HJD
2248962;Dispositivo trampa carb.   X-52
2248963;DISPOSITIVO CAPOT/ALETAS H79
2248965;Dispositivo montaje portrillon
2248966;Dispositivo goujones estribo X52
2248967;Dispositivo goujones estribo HJD
2248968;Dispositivo goujones  BM100  izquierdo
2248969;Dispositivo goujones  BM100  derecho
2248970;Dispositivo goujones  BR 020
2248971;Dispositivo goujones  BR 030
2251721;TUCKER M5 PLM200 ALETAS  X52-H79 ROBER S
2252335;SKID TERMINACION #19
2252336;SKID TERMINACION #20
2262397;ESTACIONARIA PRP8
2263557;SOLDADOR MILLER
2264805;MEDIO FACHADA DELANTERA 1
2264806;MEDIO FACHADA DELANTERA 2
2265273;DISPOSITIVO SERTISSAGE P. RUEDA IZQUIERD
2274803;MOLDE A2 SERTISSAGE PDC X52PH2
2275557;TRANSFERENCIA TECHOS H 79
2275929;PINZA MF PISO   [EM01]
2275930;PINZA MF PISO   [EM16]
2279231;ROBOT DE SOLDADURA CR400
2279232;ISLA DE SOLDADURA CR400
2279233;MATRIZ B52 CR400
2279234;PINZA ROBOT CR400 3G
2279235;MATRIZ DE REFUERZO LARGUERO
2282784;AGV OUV 22 SAV-10137
2282785;AGV OUV 23 SAV-10572
2282786;AGV OUV 24 SAV-10569
2282787;AGV OUV 25 SAV-10570
2282788;AGV OUV 26 SAV-10136
2282789;CARGADOR AGV OUV 04 00885
2283138;REMACHADORA RIVIT 503
2283187;REMACHADORA RIVIT 503
2284030;TV004 MATRIZ DE REFUERZO LARGUERO CO2
2301412;MATRIZ HJD CR400
2302297;MOLDE DE SERTISSAGE CR700 HJD
2302298;MOLDE DE SERTISSAGE CV700 HJD
2302299;MOLDE DE SERTISSAGE PRD700 HJD
2302300;MOLDE DE SERTISSAGE PRG700 HJD
2302301;MATRIZ AID100 ALETAS HJD
2302302;MATRIZ AIG100 ALETAS HJD
2302303;MATRIZ AIDG005 ALETAS HJD
2302304;MATRIZ CR100 HJD PDC
2302306;MATRIZ CR900 HJD MECANICA
2302307;MATRIZ CV100 HJD
2302308;MATRIZ CV480 HJD NEUMATICA
2302309;MATRIZ PRDG002 HJD
2302310;MATRIZ PRD003 HJD
2302311;MATRIZ PRG003 HJD
2302312;MATRIZ PRD004 HJD
2302313;MATRIZ PRG004 HJD
2302314;MATRIZ PRDG010 HJD
2302315;MATRIZ PRD100 HJD
2302316;MATRIZ PRG100 HJD
2302317;MATRIZ PRD200 HJD
2302318;MATRIZ PRG200 HJD
2302319;MATRIZ PRD480 HJD
2302320;MATRIZ PRG480 HJD
2302321;MATRIZ PVDG010 HJD
2302322;MATRIZ CV900 HJD
2302323;MATRIZ CR500 HJD
2302506;DISPOSITIVO GOUJONS ESTRIBO X52PH2
2307853;PINZA ISI MF FORRO DE  PIE
2307857;PINZA ARO LATERALES X52  [EM05]
2307858;PINZA MF PORTILLON B52  [EM13]
2307860;PINZA MF FORRO DE PIE X52  [EM05]
2307867;PINZA MF  PISO X52  [EM13]
2307868;PINZA MF PISO X52  [EM13]
2307869;PINZA ISI MF NX5R85MF
2307870;PINZA MF LATERALES X52  [EM05]
2307871;PINZA MF LATERALES X52 [EM08]
2307873;PINZA MF LATERALES H79 [EM06]
2316642;DISPOSITIVO SERTISSAGE P. RUEDA DERECHO
2318296;PINZA MF ARO LATERAL D-v183224000f
2318396;PINZA MF ARO ENSAMBLE GENERAL-v183219000
2318397;PINZA MF ARO ENSAMBLE GENERAL-v183224000
2318398;PINZA MF ARO ENSAMBLE GENERAL-v183224000
2318399;PINZA MF ARO ENSAMBLE GENERALv183219000M
2318400;PINZA MF ARO ENSAMBLEGENERA-v183235000fM
2318401;PINZA MF ARO ENSAMBLE GENERAL-v183236000
2318402;PINZA MF ARO ENSAMBLE GENERAL-v183236000
2318403;PINZA MF ARO ENSAMBLE GENERAL-v183238000
2318404;PINZA MF ARO ENSAMBLE GENERAL-v183238000
2318405;PINZA MF ARO ENSAMBLE GENERAL-v183239000
2318409;PINZA MF ARO LATERAL D-v183230000f
2318410;PINZA MF ARO LATERAL D 1-v183232000f
2318411;PINZA MF ARO LATERAL D 1-v183248000f
2318413;PINZA MF ARO LATERAL D 1-v183254000f
2318414;PINZA MF ARO LATERAL D 1-v183255000f
2318415;PINZA MF ARO LATERAL D 1-v183255000f
2318416;PINZA MF ARO SUB ENSAMBLE-v183253000f
2318417;PINZA MF ARO FM v183247000f
2318422;PINZA MF ARO LATERAL D-v183245000f
2318423;PINZA MF ARO LATERAL D-v183252000f
2318424;PINZA MF ARO LATERAL D 2-v183214000f
2318425;PINZA MF ARO LATERAL D 2-v183223000f
2318426;PINZA MF ARO LATERAL D 2-v183257000f
2318427;PINZA MF ARO LATERAL D 2-v183258000f
2318428;PINZA MF ARO LATERAL I 2-v183214000f
2318429;PINZA MF ARO LATERAL I 2-v183223000f
2318430;PINZA MF ARO LATERAL I 2-v183257000f
2318431;PINZA MF ARO LATERAL I 2-v183258000f
2318432;PINZA MF ARO LATERAL I-v183236000f
2318433;PINZA MF ARO LATERAL I-v183252000f
2318434;PINZA MF ARO LATERAL I-v183293000f
2318436;PINZA MF ARO LATERAL I-v183224000f
2318439;PINZA MF ARO SUB ENSAMBLE-v183253000f
2318441;PINZA MF ARO LATERAL I 2-v183248000f
2318443;PINZA MF ARO LATERAL I 2-v183254000f
2318444;PINZA MF ARO LATERAL I 2-v183255000f
2318445;PINZA MF ARO LATERAL I 2-v183255000f
2318447;PINZA MF ARO LATERAL I-v183230000f
2318448;PINZA MF ARO SUB ENSAMBLE
2318451;PINZA MF ARO BM010 J10
2318452;PINZA MF ARO BM010 J10
2318457;PINZA MF ARO ENSAMB GENERAL-v183229000 M
2318458;PINZA MF ARO ENSAMB GENERAL-v183229000M
2318459;PINZA MF ARO FM-v183222000f
2318460;PINZA MF ARO FM-v183222000f
2318461;PINZA MF ARO PORTILLON-v183212000f
2318462;PINZA MF ARO PUERTAS-v183213000f
2318463;PINZA MF ARO PUERTAS-v183213000f
2318464;PINZA MF ARO PUERTAS-v183217000f
2318465;PINZA MF ARO PUERTAS-v183217000f
2318466;PINZA MF ARO ALETAS-v183218000f
2318467;PINZA MF ARO ALETAS-v183218000f
2318468;PINZA MF ARO ALETAS-v183218000f
2318469;PINZA MF ARO PORTILLON-v183218000f
2318470;PINZA MF ARO PORTILLON-v183218000f
2318471;PINZA MF ARO PUERTAS-v183219000f
2318472;PINZA MF ARO PUERTAS-v183219000f
2318473;PINZA MF ARO PUERTAS-v183232000f
2318474;PINZA MF ARO PORTILLON-v183233000f
2318475;PINZA MF ARO PUERTAS-v183234000f
2318476;PINZA MF ARO PUERTAS-v183234000f
2318477;PINZA MF ARO CAPO-v183237000f
2318478;PINZA MF ARO PUERTAS-v183221000f
2318479;PINZA MF ARO PUERTAS-v183221000f
2318480;PINZA MF ARO TABLERO-v183223000f
2318481;PINZA MF ARO TABLERO-v183240000f
2318483;PINZA MF ARO TABLERO-v183249000f
2318484;PINZA MF ARO FM -v183294000f
2318485;PINZA MF ARO LARGUERO-v183230000f
2318486;PINZA MF ARO FORRO DE PIE -v183246000f
2318488;PINZA MF ARO LARGUERO-v183220000f
2318490;PINZA MF ARO LARGUERO-v183220000f
2318491;PINZA MF ARO LARGUERO-v183244000f
2318492;PINZA MF ARO LARGUERO-v183231000f
2318493;PINZA MF ARO SUB ENSAMBLE
2318494;PINZA MF ARO LARGUERO-v183225000f
2318495;PINZA MF ARO LARGUERO-v183230000f
2318496;PINZA MF ARO FORRO DE PIE-v183227000f
2318497;PINZA MF ARO FORRO DE PIE-v183214000f
2318498;PINZA MF ARO FORRO DE PIE-v183214000f
2318499;PINZA MF ARO FORRO DE PIE-v183227000f
2318505;PINZA MF ARO BLOQUE-v183256000f
2318506;PINZA MF ARO BLOQUE-v183292000f
2318507;PINZA MF ARO BLOQUE-v183292000f
2318508;PINZA MF ARO BLOQUE-v183222000f
2318509;PINZA MF ARO BLOQUE-v183222000f
2318510;PINZA MF ARO FALDON-v183223000f
2318511;PINZA MF ARO FALDON-v183233000f
2318514;PINZA MF ARO TUNEL SUB ENSAMBLE
2318516;PINZA MF ARO TUNEL SUB ENSAM-v183260000f
2318518;PINZA MF ARO SUBENSAMBLE-v183231000f
2318520;PINZA MF ARO SUBENSAMBLE-v183259000f
2318521;PINZA MF ARO SUBENSAMBLE-v183259000f
2329980;MODULO POTENCIA TUCKER HJD LVG 500
2329981;MODULO POTENCIA TUCKER HJD LVD 500
2329982;MODULO POTENCIA TUCKER HJD TA 300
2329983;MODULO POTENCIA TUCKER HJD DPDG 010
2329984;MODULO POTENCIA TUCKER HJD TU020
2329986;MODULO POTENCIA TUCKER HJD SC 010
2329987;MODULO POTENCIA TUCKER HJD SR 040
2329988;MODULO POTENCIA TUCKER HJD FBV 100
2329989;MODULO POTENCIA TUCKER HJD RBS 020
2329991;MODULO POTENCIA TUCKER BM 100
2329993;MODULO POTENCIA TUCKER HJD AIDG 100
2329994;PISTOLA Y ALIMENTADOR TUCKER M5- LVG500
2329995;PISTOLA Y ALIMENTADOR TUCKER M6- LVG500
2329996;PISTOLA Y ALIMENTADOR TUCKER MASA- LVG50
2329997;PISTOLA Y ALIMENTADOR TUCKER M5-LVD500
2329998;PISTOLA Y ALIMENTADOR TUCKER M6- LVD500
2329999;PISTOLA Y ALIMENTADOR TUCKER M8- LVD500
2330000;PISTOLA Y ALIMENTADOR TUCKER M5- TA300
2330001;PISTOLA Y ALIMENTADOR TUCKER MASA-TA300
2330002;PISTOLA Y ALIMENTADOR TUCKER M6-DPDG010
2330003;PISTOLA Y ALIMENTADOR TUCKER M5-BM100
2330005;PISTOLA Y ALIMENTADOR TUCKER M5- SC010
2330006;PISTOLA Y ALIMENTADOR TUCKER M6-SC010
2330007;PISTOLA Y ALIMENTADOR TUCKER M6-TA300
2330008;PISTOLA Y ALIMENTADOR TUCKER M5-SR040
2330009;PISTOLA Y ALIMENTADOR TUCKER M6-SR040
2330010;PISTOLA Y ALIMENTADOR TUCKER MASA-FBV220
2330011;PISTOLA Y ALIMENTADOR TUCKER M5-RBS O2O
2330012;PISTOLA Y ALIMENTADOR TUCKER MASA-RBS 02
2330013;PISTOLA Y ALIMENTADOR TUCKER M5-LBS 020
2330014;PISTOLA Y ALIMENTADOR TUCKER MASA-LBS 02
2330015;PISTOLA Y ALIMENTADOR TUCKER M5- AID 100
2332647;FRESADORA DE TIPS C1
2332648;FRESADORA DE TIPS C5-C
2332649;FRESADORA DE TIPS C9-C
2332650;FRESADORA DE TIPS C6-X
2332651;FRESADORA DE TIPS C10-X
2332652;FRESADORA DE TIPS C5-X
2332653;FRESADORA DE TIPS C9-X
2332654;FRESADORA DE TIPS C2
2332655;FRESADORA DE TIPS C6-C
2332656;FRESADORA DE TIPS C10-C
2332988;ROBOT DE SOLDADURA C1 R2000IC/210F
2332989;ROBOT DE SOLDADURA C2 R2000IC/210F
2332990;ROBOT MANIPULADOR C3 M900iB/400L
2332991;ROBOT MANIPULADOR C4 M900iB/400L
2332992;ROBOT DE SOLDADURA C5 R2000IC/210F
2332993;ROBOT DE SOLDADURA C6 R2000IC/210F
2332994;ROBOT MANIPULADOR C7  M900iB/400L
2332995;ROBOT DE SOLDADURA C9 R2000IC/210F
2332996;ROBOT DE SOLDADURA C10 R2000IC/210F
2332997;ROBOT MANIPULADOR C12 M900iB/700
2332998;ROBOT DE SERTISSAGE A2 ABB 6700 HJD
2332999;ROBOT DE SERTISSAGE C0 ABB 6700 HJD
2333001;ISLA DE SERTISSAGE HJD CL1
2333002;ROBOT DE SOLDADURA C1 R2000IC/210F
2333003;ROBOT DE SOLDADURA C2 R2000IC/210F
2333004;ROBOT DE SOLDADURA C3 R2000IC/210F
2333005;ROBOT MANIPULADOR F0 R2000IC/280L
2333006;ISLA DE SOLDADURA GENERAL EC020
2333007;ISLA DE ENSAMBLE GENERAL BM030
2334775;BOMBAS DE MASTIC FRIA
2334776;BOMBAS DE MASTIC FRIA
2334777;BOMBAS DE MASTIC FRIA
2334778;BOMBAS DE MASTIC FRIA
2334779;BOMBAS DE MASTIC FRIA
2334780;BOMBAS DE MASTIC CALEFACTDA VERDE
2334781;BOMBAS DE MASTIC CALEFACTDA VERDE
2334782;BOMBAS DE MASTIC CALEFACTDA VERDE
2334783;BOMBAS DE MASTIC FRIA
2334784;BOMBAS DE MASTIC CALEFACTDA VERDE
2334785;BOMBAS DE MASTIC FRIA
2334787;BOMBAS DE MASTIC FRIA
2334788;BOMBAS DE MASTIC FRIA
2334789;PISTOLAS DE MASTIC Y REGULADOR
2334790;PISTOLAS DE MASTIC Y REGULADOR
2334791;PISTOLAS DE MASTIC Y REGULADOR
2334792;PISTOLAS DE MASTIC Y REGULADOR
2334793;PISTOLAS DE MASTIC Y REGULADOR
2334794;PISTOLAS DE MASTIC Y REGULADOR
2334795;PISTOLAS DE MASTIC Y REGULADOR
2334796;PISTOLAS DE MASTIC Y REGULADOR IZQUIERDO
2334797;PISTOLAS DE MASTIC Y REGULADOR DERECHO
2334798;PISTOLAS DE MASTIC Y REGULADOR TEM-IZQ
2334799;PISTOLAS DE MASTIC Y REGULADOR TEM-DER
2334800;PISTOLAS DE MASTIC Y REGULADOR TEM-IZQ
2334801;PISTOLAS DE MASTIC Y REGULADOR TEM-DER
2334802;PISTOLAS DE MASTIC Y REGULADOR TEM-IZQ
2334803;PISTOLAS DE MASTIC Y REGULADOR TEM-DER
2334804;PISTOLAS DE MASTIC Y REGULADOR
2334805;PISTOLAS DE MASTIC Y REGULADOR
2334806;PISTOLAS DE MASTIC Y REGULADOR TEM-IZQ
2334807;PISTOLAS DE MASTIC Y REGULADOR TEM-DER
2334808;PISTOLAS DE MASTIC Y REGULADOR
2334809;PISTOLAS DE MASTIC Y REGULADOR
2334810;PISTOLAS DE MASTIC Y REGULADOR TEM
2334811;PISTOLAS DE MASTIC Y REGULADOR TEM
2334812;PISTOLAS DE MASTIC Y REGULADOR IZQUIERDO
2334813;PISTOLAS DE MASTIC Y REGULADOR DERECHO
2334814;PISTOLAS DE MASTIC Y REGULADOR
2334815;PISTOLAS DE MASTIC Y REGULADOR
2334816;PISTOLAS DE MASTIC Y REGULADOR
2334818;BOMBA DE MASTIC TANDEM
2334819;BOMBA DE MASTIC TANDEM 2
2334820;MANUTENCION BM 025
2334821;MANUTENCION BM 030
2334822;MANUTENCION BM 031
2334823;MANUTENCION BM 040
2334824;MANUTENCION BM 050
2334825;MANUTENCION BM 070
2334826;MANUTENCION BM 100
2334827;MANUTENCION BM 110
2334974;MATRIZ FM070
2334975;MATRIZ FM030
2334976;MATRIZ FM65D
2334977;MATRIZ FM65G
2334978;MATRIZ CCG020
2334979;MATRIZ CCG100
2334980;MATRIZ CCG200
2334981;MATRIZ CCG450
2334982;MATRIZ CCD450
2334983;MATRIZ CCG290
2334984;MATRIZ CCG270
2334985;MATRIZ CCG150
2334986;MATRIZ CCD020
2334987;MATRIZ CCD100
2334988;MATRIZ CCD150
2334989;MATRIZ CCD200
2334990;MATRIZ CCD270
2334991;MATRIZ CCD290
2334992;MATRIZ LBS010
2334993;MATRIZ LBS020
2334994;MATRIZ RBS010
2334995;MATRIZ RBS020
2334997;MATRIZ EC010
2334998;MATRIZ EC040
2334999;MATRIZ LVG125
2335000;MATRIZ LVG200
2335001;MATRIZ LVG005
2335002;MATRIZ LVG010
2335003;MATRIZ LVG500
2335004;MATRIZ LVD125
2335005;MATRIZ DPD010
2335006;MATRIZ DPG010
2335007;MATRIZ TA100
2335008;MATRIZ TA200
2335009;MATRIZ TA150
2335010;MATRIZ TA300
2335011;MATRIZ LVD200
2335012;MATRIZ LVD010
2335013;MATRIZ LVD500
2335014;MATRIZ TU010
2335015;MATRIZ TU020
2335017;MATRIZ SC010
2335019;MATRIZ TR010
2335020;MATRIZ SR040
2335021;MATRIZ JR020
2349155;DISPOSITIVO FERRAGE PTD HJD
2349156;DISPOSITIVO FERRAGE PTD HJD STANDBY
2349157;DISPOSITIVO FERRAGE PTI HJD
2349158;DISPOSITIVO FERRAHE PTI  HJD STANDBY
2349159;DISPOSITIVO FERRAGE PDD HJD
2349160;DISPOSITIVO FERRAGE PDD HJD STANDBY
2349161;DISPOSITIVO FERRAGE PDI HJD
2349162;DISPOSITIVO FERRAGE PDI  HJD STANDBY
2349163;DISPOSITIVO FERRAGE CAPOT HJD
2349164;DISPOSITIVO FERRAGE CAPOT HJD STAND BY
2354412;GUIA PUNTOS DE TECHO H79 IZQUIERDO
2354413;GUIA DE PUNTOS TECHO H79 DERECHO
2375711;GRIPPER DE TECHO HJD BM30
2375712;GRIPPER DE TECHO B52 BM30
2375713;GRIPPER DE TECHO L52 BM30
2375714;GRIPPER FACHADA TRASERA L52 BM30
2375715;GRIPPER FACHADA TRASERA HJD BM30
2375716;GRIPPER FACHADA TRASERA B52 BM30
2375717;GRIPPER LADO DERECHO HJD
2375718;GRIPPER LADO IZQUIERDO HJD
2375719;GRIPPER LADO DERECHO LB52
2375720;GRIPPER LADO IZQUIERDO LB52
2375721;GRIPPER FACHADA DERECHA BM70
2375722;GRIPPER FACHADA IZQUIERDA BM70
2375723;GRIPPER  FACHADA HJD BM70
2375726;MESA C0 BM30
2375727;GRIPPER EC20 HDJ F01
2375728;GRIPPER EC20 LB52 F02
2375729;MATRIZ FVB220
2375730;MATRIZ JR100
2382260;PINZA ROBOT DENGENSHA C1
2382261;PINZA ROBOT DENGENSHA C2
2382262;PINZA ROBOT OBARA C51
2382263;PINZA ROBOT OBARA C52
2382264;PINZA ROBOT OBARA C61
2382265;PINZA ROBOT OBARA C62
2382266;PINZA ROBOT DENGENSHA C101
2382267;PINZA ROBOT DENGENSHA C102
2382268;PINZA ROBOT DENGENSHA C91
2382269;PINZA ROBOT DENGENSHA C92
2382270;PINZA ROBOT ARO C1
2382271;PINZA ROBOT ARO C2
2382272;PINZA ROBOT ARO C4
2382570;SKID BM #1
2382571;SKID BM #2
2382572;SKID BM #3
2382573;SKID BM #4
2382574;SKID BM #5
2382575;SKID BM #6
2382576;SKID BM #7
2382577;SKID BM #8
2382578;SKID BM #9
2382579;SKID BM #10
2382580;SKID BM #11
2382581;SKID BM #12
2382582;SKID BM #13
2382583;SKID BM #14
2389445;PISTOLA ANGULAR STANLEY AA33LA14-28
2389446;PISTOLA ANGULAR STANLEY AA33LA14-28
2389447;PISTOLA ANGULAR STANLEY AA33LA14-28
2389448;PISTOLA ANGULAR STANLEY AA33LA14-28
2389449;PISTOLA ANGULAR STANLEY AA33LA14-28
2389450;PISTOLA ANGULAR CROWFOOT AA33LC297-35
2389451;PISTOLA ANGULAR CROWFOOT AA33LC297-35
2389452;PISTOLA ANGULAR CROWFOOT AA33LC297-35
2389453;PISTOLA ANGULAR CROWFOOT AA33LC297-35
2409477;PINZA ROBOT ARO STAND BY
2424994;ARNÉS EN V 4 ARGOLLAS 461958065
2424996;ARNÉS EN V 4 ARGOLLAS 461958002
2424997;ARNÉS EN V 4 ARGOLLAS 461958003
2424998;ARNÉS EN V 4 ARGOLLAS 461958007
2425000;ARNÉS EN V 4 ARGOLLAS 461958006
2425001;ARNÉS EN V 4 ARGOLLAS 461958075
2425003;ARNÉS EN V 4 ARGOLLAS 461958119
2425004;ARNÉS EN V 4 ARGOLLAS 461958118
2425005;ARNÉS EN V 4 ARGOLLAS 461958061
2425006;ARNÉS EN V 4 ARGOLLAS 461958047
2425007;ARNÉS EN V 4 ARGOLLAS 461958120
2425008;ARNÉS EN V 4 ARGOLLAS 461958117
2425009;ARNÉS EN V 4 ARGOLLAS 461958063
2425013;FALL ARRESTER RETRÁCTIL 180007474
2425014;FALL ARRESTER RETRÁCTIL 180001496
2425015;FALL ARRESTER RETRÁCTIL 180007473
2425016;FALL ARRESTER RETRÁCTIL 180007491
2425017;FALL ARRESTER RETRÁCTIL 180007492
2425018;FALL ARRESTER RETRÁCTIL 180007487
2425019;FALL ARRESTER RETRÁCTIL 180001503
2425025;CARRO DESLIZANTE 2/117/19
2425026;CARRO DESLIZANTE 2/117/19
2425027;CARRO DESLIZANTE 2/117/19
2425028;CARRO DESLIZANTE 2/117/19
2426450;MANUTENCION BM 010
2433911;FRESADORA DE TIPS AMDP C1
2433912;FRESADORA DE TIPS AMDP C2
2433913;FRESADORA DE TIPS AMDP C3
2439076;MATRIZ ISOFIX  H79 MESA APLIC CO2
2440086;MATRIZ JR010 B52 F2 FALDON INFERIOR
2470998;TRANSFER MOVIL T1 LINEA FERRAGE
2470999;TRANSFER MOVIL T2 LINEA FERRAGE
2471000;GIRADOR G1 LINEA FERRAGE
2471001;GIRADOR G2 LINEA FERRAGE
2471002;PIVOTANTE PINTURA  LINEA FERRAGE
2471003;RETORNO SKID LINEA FERRAGE
2471004;MANUTENCION LINEA FERRAGE
2489660;POLIPASTO  EC010 GRUA 250KG LARGUEROS
2489661;POLIPASTO  EC010 GRUA 250KG LARGUEROS
2489662;POLIPASTO  EC010 GRUA 250KG LARGUEROS
2489663;POLIPASTO EC040 BL GRUA 250KG
2489664;POLIPASTO EC040 BL GRUA 250KG
2489665;POLIPASTO EC PISO DEL GRUA 1000KG TRASLA
2489861;POLIPASTO  PISOS FM GRUA 1000KG KBK
2489862;POLIPASTO  PISOS FM GRUA 1000KG TRA KBK
2489863;POLIPASTO DE TECHOS COMUN
2489864;POLIPASTO DE TECHOS COMUN 2
2489865;POLIPASTO LAT 2 IZQUIE GRUA 1000KG  KBK
2489866;POLIPASTO LAT 2 DERECHO GRUA 1000KG  KBK
2489867;POLIPASTO FM30 GRUA 1000KG TRANSL DEMAG
2489868;POLIPASTO  FM70 GRUA 2000KG TRANSL DEMAG
2489871;POLIPASTO  BM70 FACHADA  GRUA 250KG
2489872;POLIPASTO  BM70 FACHADA  GRUA 250KG
2489873;POLIPASTO PISO TRASERO GRUA 1000KG
2489874;POLIPASTO  FERR SCKID GRUA 1000KG/TRANSL
2490096;GRIPPER FACHADA DELANTERA X52
2491351;DISPOS AJUSTE PORTILLON/TECHO DER B52
2499362;PISTOLA Y ALIMENTADOR TUCKER M5 BM100
2499363;PISTOLA Y ALIMENTADOR TUCKER MASA TU020
2499484;CINTA DE ANCLAJE 36813380112
2499485;CINTA DE ANCLAJE 36813380107
2499486;CINTA DE ANCLAJE 27970620537
2500201;PINZA MF ARO ENSAMB GENERAL-v183230000f
2500202;PINZA MF ARO ENSAMB GENERAL-v183219000f
2500203;PINZA MF ARO ENSAMB GENERAL-v183251000f
2500204;PINZA MF ARO ENSAMB GENERAL-v183256000f
2500205;PINZA MF ARO ENSAMBLE GENERAL-v183223000
2500206;PINZA MF ARO LATERAL D 1-v183224000f
2500207;PINZA MF ARO LATERAL I 2-v183224000f
2500208;PINZA MF ARO FACHADA D-v183225000f
2500209;PINZA MF ARO PISO TRASERO v183239000f
2500210;PINZA MF ARO FALDON SUBENSAM-v183242000f
2501146;MEDIO SUMINISTRO ALETAS 01
2501147;MEDIO SUMINISTRO ALETAS 02
2501148;MEDIO SUMINISTRO ALETAS 03
2501149;MEDIO SUMINISTRO ALETAS 04
2501150;MEDIO SUMINISTRO ALETAS 05
2501151;MEDIO SUMINISTRO ALETAS 06
2501900;MATRIZ REFUERZO DE CHAPA CCG015
2501901;MATRIZ REFUERZO DE CHAPA CCG016
2502245;SOPORTE TRAVIEZA SUPERIOR
2502275;EQUIPOS MILLER 001
2502276;EQUIPOS MILLER 002
2502277;EQUIPO DE CORTE PLASMA
2526609;MAQUINA 3D CNC MERCURY
2528819;AGV OUV 27 SAV-10132
2528820;AGV OUV 28 SAV-10131
2528821;AGV OUV 29 SAV-10579
2528822;CARGADOR AGV NISSAN SOLDADURA N°2
2528874;Medio Portillon TT # 1
2528875;Medio Portillon TT # 2
2528876;Medio Portillon TT # 3
2528877;Medio Portillon TT # 4
2528878;Medio Portillon TT # 5
2528879;Medio Capot TT # 6
2528880;Medio Capot TT # 7
2528881;Medio Capot TT # 8
2528882;Medio Capot TT # 9
2528883;Medio Capot TT # 10
2528884;Medio Aletas TT # 11
2528885;Medio Aletas TT # 12
2528886;Medio Aletas TT # 13
2528887;Medio Aletas TT # 14
2528888;Medio Aletas TT # 15
2528889;Medio Aletas TT # 16
2528890;Medio Puertas TT # 17
2528891;Medio Puertas TT # 18
2528892;Medio Puertas TT # 19
2528893;Medio Puertas TT # 20
2528894;Medio Puertas TT # 21
2528895;Medio Puertas TT # 22
2528896;Medio Puertas TT # 23
2528897;Medio Puertas TT # 24
2528898;Medio Puertas TT # 25
2528899;Medio Puertas TT # 26
2528900;Medio Puertas TT # 27
2528901;Medio Puertas TT # 28
2528902;Medio Puertas TT # 29
2528903;Medio Puertas TT # 30
2528904;Medio Puertas TT # 31
2528905;Medio Puertas TT # 32
2528906;Medio Puertas TT # 33
2528907;Medio Puertas TT # 34
2528908;Medio Puertas TT # 35
2528909;Medio Puertas TT # 36
2529221;MATRIZ LVD300 DEMIBLOCK
2529222;MATRIZ LVG300 DEMIBLOCK
2530129;PINZA ROBOT DENGENSHA C1A
2530130;PINZA ROBOT DENGENSHA C2A
2530131;PINZA ROBOT OBARA C51A
2530132;PINZA ROBOT OBARA C61A
2530133;PINZA ROBOT OBARA C52-62A
2530134;PINZA ROBOT DENGENSHA C101A
2530135;PINZA ROBOT DENGENSHA C102A
2530136;PINZA ROBOT DENGENSHA C91A
2530137;PINZA ROBOT DENGENSHA C92A
2530546;MATRIZ DPG010 APLICACIÓN GOUJON
2530547;MATRIZ DPD010 APLICACIÓN GOUJON
2530548;MATRIZ GOUJONES TRAVIESA DELANTERA
2530550;SUJETADOR FALDON B52
2530551;SUJETADOR FALDON L52
2530552;MATRIZ TRAVIESA DE PISO HJD
2538319;SKID TERMINACION #21
2538320;SKID TERMINACION #22
2538321;SKID TERMINACION #23
2538322;SKID TERMINACION #24
2538323;SKID TERMINACION #25
2538324;SKID TERMINACION #26
2538325;SKID TERMINACION #27
2538326;SKID TERMINACION #28
2538327;SKID TERMINACION #29
2538328;SKID TERMINACION #30
2538329;CARRO SKID TERMINACION #1
2538330;CARRO SKID TERMINACION #2
2538331;CARRO SKID TERMINACION #3
2538332;CARRO SKID TERMINACION #4
2538333;CARRO SKID TERMINACION #5
2538334;CARRO SKID TERMINACION #6
2538335;CARRO SKID TERMINACION #7
2538336;CARRO SKID TERMINACION #8
2545072;PIVOTANTE B2 ALETAS IZQUIERDO
2545073;PIVOTANTE B3 ALETAS IZQUIERDO
2545074;ISLA MANUTENCION BM2
2545075;MATRIZ NEUMATICA LARGUERO DELANTERO DERE
2545076;MATRIZ NEUMATICA REFUERZO DE CODO
2545077;MATRIZ NEUMATICA PASO RUEDA HR13/16 IZQU
2545078;MATRIZ NEUMATICA PASO RUEDA HR13/16 DERE
2545080;SISTEMA GENERAL EXTRACCION DE HUMOS CDC
2545081;SISTEMA GENERAL EXTRACCION DE HUMOS BM
2545082;SISTEMA GENERAL EXTRACCION DE HUMOS AUV
2545083;SISTEMA DE ANCLAJE PARA TRABAJO EN ALTUR
2545084;TORRE ASISTENCIA NEUMATICA PARA CUSTODIA
2545085;TORRE ASISTENCIA NEUMATICA PARA CUSTODIA
2572570;CORONA MEDICION SKID BM
2574047;MEDIO SUMINISTRO ALETAS 07
2574048;MEDIO SUMINISTRO ALETAS 08
2578916;MARCACION VIN STAND BY
2623211;CARGADOR AGV SKIDS 03 01069
2623213;CARGADOR AGV SKIDS 02 00878
2623214;CARGADOR AGV PISOS 01 01068
2623216;AGV OUV 30 SAV-10135
2623218;AGV SKIDS STANDBY 11 SAV-12193
2623219;AGV SKIDS 10 SAV-12194
2623221;AGV SKIDS 09 SAV-12200
2623223;AGV SKIDS 08 SAV-12202
2623224;AGV SKIDS 07 SAV-12199
2623225;AGV SKIDS 06 SAV-12201
2623226;AGV SKIDS 05 SAV-12196
2623227;AGV SKIDS 04 SAV-12198
2623228;AGV SKIDS 03 SAV-12195
2623229;AGV SKIDS 02 SAV-12203
2623230;AGV SKIDS 01 SAV-12197
2623447;CARGADOR AGV OUV 05 00786
2632917;Mesa de aplicación mastic PV
2633071;RUTA AGV OUVRANTS
2633073;RUTA AGV SKID
2635024;PIVOTANTE CALIDAD LADO IZQUIERDO
2635025;PIVOTANTE CALIDAD LADO DERECHO
2635026;PIVOTANTE LATONERO LADO IZQUIERDO
2635027;PIVOTANTE LATONERO LADO DERECHO
2635039;Medio transporte AGV Carreta SKID 1
2635041;Medio transporte AGV Carreta SKID 2
2635042;Medio transporte AGV Carreta SKID 3
2635044;Medio transporte AGV Carreta SKID 4
2635046;Medio transporte AGV Carreta SKID 5
2635047;Medio transporte Carreta Lateral Izq 1
2635049;Medio transporte Carreta Lateral Izq 2
2635051;Medio transporte Carreta Lateral Izq 3
2635052;Medio transporte Carreta Lateral Dcho 1
2635054;Medio transporte Carreta Lateral Dcho 2
2635056;Medio transporte Carreta Lateral Dcho 3
2639806;Dispositivo doblez pestaña techo BM050
2643052;Cambia Vía KBK IIR
2643429;PL618  DEMIB GRUA 500KG LARGUERO
2643430;PL619  DEMIB GRUA 500KG LARGUERO
2648226;REMACHADORA RIVIT 503
2654664;MATRIZ LVG100
2658631;DISPOSITIVO ENSALBLE/MONTAJE PORTON L52
2658632;DISPOSITIVO TRASLADO TABLERO A GOUJONES
2658633;DISPOSITIVO TRASLADO TABLERO A ROBOT
2673139;EQUIPO DE RECUPERACION GYSPOT 3902
2685482;DISPOSITIVO VERIFICACION FACHADA T HJD
2686349;DISPOSITIVO V ENCUADRA/ PORTON F TRASERA
2689526;PISTOLA ANGULAR FACHADA X52
2689527;ANGULAR ELECTRICA QXN2AT27PS6
2689528;ANGULAR ELECTRICA QXN2AT27PS6
2689529;PISTOLA DE IMPULSO MOUNTZ
2689530;PISTOLA DE IMPULSO MOUNTZ
2689531;ANGULAR ELECTRICA QXN5AT35PS06
2689532;ANGULAR ELECTRICA ATLAS COPCO
2689533;ANGULAR ELECTRICA QXN2PT12PQ4
2689534;ANGULAR ELECTRICA QXN2PT12PQ4
2689535;ANGULAR NEUMATICA A32LRA1CT-4
2689536;ANGULAR NEUMATICA AA23LA14
2689537;ANGULAR NEUMATICA A333LA185
2689538;ANGULAR ELECTRICA QXN2PT12PQ4
2689539;ANGULAR ELECTRICA QXN2AT27PS6
2689540;ANGULAR ELECTRICA QXN2AT27PS6
2689541;ANGULAR ELECTRICA QXN2PT18PQ4
2689542;ANGULAR ELECTRICA QXN2PT12PQ4
2689543;ANGULAR ELECTRICA QXN2PT12PQ4
2689544;ANGULAR ELECTRICA QXN2PT12PQ4
2689545;ANGULAR ELECTRICA QXN2PT12PQ4
2689546;ANGULAR ELECTRICA QXN2PT12PQ4
2699258;PISTOLA Y ALIMENTADOR TUCKER M5SC005
2699259;PISTOLA Y ALIMENTADOR TUCKER M5-SC010
2710013;PINZA MF ARO DEGAU -v183246000f
2712200;Camilla soldadura portico laterales
2712201;Camilla soldadura uet base rodante
2714680;ANGULAR ELECTRICA QXN2AT27PS6
2714682;ANGULAR ELECTRICA QXN2AT27PS6
2714691;ANGULAR ELECTRICA QXN2AT27PS6
2714692;ANGULAR ELECTRICA QXN2AT27PS6
2714693;ANGULAR ELECTRICA QXN2AT27PS6
2714696;ANGULAR ELECTRICA QXN2AT27PS6
2714697;ANGULAR ELECTRICA QXN2AT27PS6
2714700;ANGULAR ELECTRICA DESOUTTER
2714701;ANGULAR ELECTRICA DESOUTTER
2714703;ANGULAR NEUMATICA
2714704;Pistola QXN2PT12PQ4
2714705;Pistola QXN2PT12PQ4
2714707;Pistola QXN2PT12PQ4
2714708;Pistola QXN2PT12PQ4
2714711;PISTOLA DE TORQUE NEUMATICA
2714713;PISTOLA DE TORQUE NEUMATICA
2714715;REMACHADORA PROSERT XTN20
2714716;REMACHADORA PROSERT XTN20
2714720;REMACHADORA PROSERT XTN20 74202
2714721;REMACHADORA AVDEL GENESIS 74200
2714722;REMACHADORA  RIVIT503
2714723;REMACHADORA AVDEL GENESIS 74200
2714724;REMACHADORA AVDEL GENESIS 74200
2714725;REMACHADORA  RIVIT503
2714726;REMACHADORA  RIVIT503
2714727;REMACHADORA   AVDEL GENESIS G2
2714728;REMACHADORA RIVIT503
2714729;REMACHADORA DEWALT PROSET 2500
2714730;REMACHADORA DEWALT PROSET 2500
2714731;REMACHADORA ADVEL PROSET 2500
2717183;PIVOTANTE BM100 LADO DERECHO
2717184;PIVOTANTE BM100 LADO IZQUIERDO
2721818;PULIDORA ORBITAL-DYNABRADE
2721819;PULIDORA ORBITAL-DYNABRADE
2721820;PULIDORA ORBITAL-DYNABRADE
2721821;PULIDORA ORBITAL-DYNABRADE
2723770;PISTOLA ANGULAR STANLEY AA33LA14-28
2733041;SISTEMA PLOT DE MASA MANUTENCION
2734057;TALADRO DE BANCO ELECTRICO PRP
2735011;MODULO POTENCIA TUCKER TRAVIESAS SC005
2735012;PISTOLA Y ALIMENTADOR TUCKER MASA- SC005
2736515;MEDIO PREPARACION PORTON TECHO  B52 # 1
2736516;MEDIO PREPARACION PORTON TECHO  B52 # 2
2747825;DISPOSITIVOS VERIFICACION BAVOLET SR010
2754612;Medio transporte AGV Carreta SKID 6
2757000;GCI Pasillo Oficina Mantenimiento Centra
2757001;GCI Pasillo Portico lateral X52 Lado Der
2757002;GCI Pasillo Portico lateral X52 Lado Izq
2757003;GCI Pasillo Entrada Depotaje
2757004;GCI Pasillo UET Base Rodante
2757005;GCI Pasillo Taller Mantenimiento
2757006;GCI Interior Matrices Paso Ruedas
2757007;GCI Pasillo Robot Portico Bloque Delante
2757008;GCI Columna Sala 3D
2757009;GCI Escuela de Entrenamiento Soldadura
2757010;GCI Columna Matrices Aletas
2757011;GCI Columna Almacenamiento Aletas
2757012;GCI Columna Robot Sertissage Puertas
2757013;GCI Puerta Salida a Porteria
2757014;GCI Columna Soldadura Cabina BM050
2757015;GCI Escaleras Portico BM030
2757016;GCI Puerta Salida a Torre de Enfriamient
2757017;GCI Pasillo Linea Ferraje
2761429;PINZA MF ARO FM  X5 DER
2761430;PINZA MF ARO FM  X5 IZQ
2761431;PINZA MF ARO FM X4  TFD002
2761432;PINZA MF ARO FM X4  TFD005
2761433;PINZA MF ARO FM X4  TFG002
2761434;PINZA MF ARO FM X4  TFG005
2761435;PINZA MF ARO FM J10 DER
2761436;PINZA MF ARO FM J10 IZQ
2761437;PINZA MF ARO FM J2 DER
2761438;PINZA MF ARO FM J2 IZQ
2761439;PINZA ROBOT ARO B1
2761440;PINZA ROBOT ARO B2
2761441;PINZA ROBOT ARO B3
2761442;PINZA ROBOT ARO B4
2761443;PINZA ROBOT ARO C3
2761444;FRESADORA DE TIPS ROBOT C4
2761445;FRESADORA  DE TIPS ROBOT  B1
2761446;FRESADORA  DE TIPS ROBOT B2
2761447;FRESADORA   DE TIPS ROBOT B3
2761448;FRESADORA  DE TIPS ROBOT B4
2761449;ROBOT  DE SOLDADURA C4
2761450;ROBOT  DE SOLDADURA B1
2761451;ROBOT  DE SOLDADURA B2
2761452;ROBOT  DE SOLDADURA B3
2761453;ROBOT  DE SOLDADURA B4
2761454;BOMBA MASTIC WBMBBM-207
2761455;PISTOLA MASTIC WBMBPM-213
2761456;PISTOLA MASTIC WBMBPM-214
2761457;MATRIZ  TFG002
2761458;MATRIZ  TFG005
2761459;MATRIZ  TFD005
2761460;MATRIZ  TFD002
2761461;MANUTENCION FM10
2761462;MANUTENCION FM30
2761463;MANUTENCION FM70
2761464;MANUTENCION FM80
2761465;MANUTENCION FM90
2761466;PINZA MF ARO BM110 X06 DER
2761469;PINZA MF ARO BM110 J14E IZQ
2761470;PINZA MF ARO BM110 X06 IZQ
2761471;ISLA ROBOTIZADA FM30
2761472;GRIPPER DE TECHO BM50
2768995;MANUTENCION BM120
2768996;MANUTENCION BM130
2768997;MATRIZ CENTRADORA DE TECHO BM50
2788051;PINZA ARO PREPARACIONES DER J08
2788419;PINZA ARO PREPARACIONES DER X03
2788420;PINZA ARO PREPARACIONES DER J08
2788421;PINZA ARO PREPARACIONES DER X05
2790113;PINZA ARO LATERALES DER J08 V23 3164 000
2790114;PINZA ARO LATERALES DER J08 V23 3164 000
2790115;PINZA ARO LATERALES DER J08 V23 3166 000
2790116;PINZA ARO LATERALES DER J08 V23 3166 000
2790117;PINZA ARO LATERALES DER J08 V23 3166 000
2790118;PINZA ARO J08 PISO TRASERO IZQ  V23 3163
2790119;PINZA ARO PREPARACIONES IZQ J08 V233162
2790120;PINZA ARO LATERALES IZQ J08 V23 3164 000
2790121;PINZA ARO LATERALES IZQ J08 V23 3164 000
2790122;PINZA ARO LATERALES IZQ J08 V23 3166 000
2790123;PINZA ARO LATERALES IZQ J08 V23 3166 000
2790124;PINZA ARO LATERALES IZQ J08 V23 3166 000
2790125;PINZA ARO PREPARACIONES DER J13 REP
2790126;PINZA ARO PREPARACIONES IZQ J13 REP
2790127;PINZA ARO PREPARACIONES DER X01 V2331720
2790128;PINZA ARO PREPARACIONES IZQ  X01 V233172
2790129;PINZA ARO PREPARACIONES IZQ X03 V2331610
2790130;PINZA ARO LATERALES DER X04 V233152000F
2790131;PINZA ARO LATERALES DER X04 V233157000F
2790132;PINZA ARO LATERALES IZQ X04 V233152000F
2790133;PINZA ARO LATERALES IZQ X04 V233157000F
2790134;PINZA ARO PREPARACIONES DER X04 REP
2790135;PINZA ARO PREPARACIONES IZQ X04 REP
2790136;PINZA ARO PREPARACIONES IZQ X05 V2331670
2790137;PINZA ARO LATERALES DER X06 V233174000F
2790138;PINZA ARO LATERALES IZQ X06 V233174000F
2790139;PINZA ARO PREPARACIONES DER X13 V2331700
2790140;PINZA ARO PREPARACIONES DER X13 REP
2790141;PINZA ARO LATERALES DER X13 V233171000F
2790142;PINZA ARO PREPARACIONES IZQ X13 V2331700
2790143;PINZA ARO PREPARACIONES IZQ X13 V2331700
2790144;PINZA ARO PREPARACIONES X13 V233171000F
2790145;PINZA ARO PREPARACIONES DER X14 REP
2790146;PINZA ARO PREPARACIONES IZQ X14 REP
2790147;PINZA ARO PREPARACIONES DER X15 V2331730
2790148;PINZA ARO PREPARACIONES IZQ X15 V2331730
2790149;PINZA ARO BM110 X06 V233174000F
2790150;PINZA ARO BM110 X06 V233174000F
2790151;PINZA ARO BM110 J14_SPECIAL V233176000F
2790152;PINZA ARO BM110 J14_SPECIAL V233176000F
2790153;PINZA ARO X04 PORTILLON V233152000F
2790154;PINZA ARO X04 PASORUEDAS REP
2790155;PINZA ARO X04 PASORUEDAS REP
2790156;PINZA ARO X04 PARCLOSE CL85 REP
2790157;PINZA ARO X02 PUERTAS DELANTERAS V233158
2790158;PINZA ARO X02 PUERTAS DELANTERAS V233158
2790159;PINZA ARO X02 PUERTAS DELANTERAS V233156
2790160;PINZA ARO X02 PUERTAS DELANTERAS V233156
2790161;PINZA ARO J09 PORTILLON CR100 V233153000
2790162;PINZA ARO J09 CAPO CV100 V233153000F
2790163;PINZA ARO J07 PORTILLON CR500 V23 3191 0
2790164;PINZA ARO J07 PUERTAS TRASERAS V23 3154
2790165;PINZA ARO J07 PUERTAS DELANTERAS V23 319
2790166;PINZA ARO J07 PUERTAS TRASERAS V23 3154
2790167;PINZA ARO J07 PUERTAS DELANTERAS V23 315
2790168;PINZA ARO J07 PUERTAS TRASERAS V23 3154
2790169;PINZA ARO J07 PUERTAS DELANTERAS V23 315
2790170;PINZA ARO J07 PUERTAS TRASERAS V23 3154
2790171;PINZA ARO J07 PUERTAS DELANTERAS V23 315
2790172;PINZA ARO J05 PUERTAS PRGD701 V23 3155 0
2790173;PINZA ARO J05 PUERTAS PVGD701 V23 3155 0
2790174;PINZA ARO J08 MARCO DELANTERO CW100 V23
2790175;PINZA ARO J12 LARGUERO DELANTERO IZQ REP
2790176;PINZA ARO J12 PISO TRASERO REP
2790177;PINZA ARO X27  PISO TRASERO IZQ V2331770
2790178;PINZA ARO X27  PISO TRASERO DER V2331770
2790179;PINZA ARO J11 FORRO DE PIE DER V23318400
2790180;PINZA ARO J12 FORRO DE PIE DER REP
2790181;PINZA ARO J11 FORRO DE PIE IZQ V23318500
2790182;PINZA ARO J12 FORRO DE PIE IZQ REP
2790183;PINZA ARO J04 EC010 REP
2790184;PINZA ARO J04 EC010 REP
2790185;PINZA ARO X18 CIERRE SUPERIOR REP
2790186;PINZA ARO X05 FALDON INFERIOR V233168000
2790187;PINZA ARO X05 LARGUERO TRASERO V23316900
2790188;PINZA ARO X04 SOP SUSPENSIO GMPV23317800
2790189;PINZA ARO X02 LARGUERO TRASERO DER V2331
2790190;PINZA ARO X25 LARGUERO TRASERO V23317900
2790191;PINZA ARO J08 LARGUEROS TRASEROS V23 316
2790192;PINZA ARO X06 LARGUERO TRASERO V23317500
2790193;PINZA ARO X05 LARGUERO TRASERO V23316900
2790194;PINZA ARO X09 LARGUERO TRASERO V23317800
2790195;PINZA ARO X02 LARGUERO TRASERO IZQ V2331
2790196;PINZA ARO X25 LARGUERO TRASERO V23317900
2790197;PINZA ARO X04 LARGUERO DELANTERO DER REP
2790198;PINZA ARO X04 LARGUERO DELANTERO DER REP
2790199;PINZA ARO J12SPE LARGUERO DELANTERO V233
2790200;PINZA ARO X03 LARGUERO DELANTERO DER REP
2790201;PINZA ARO J08 PISO TRASERO V23 3166
2790202;PINZA ARO X02 LARGUERO DELANTERO DER V23
2790203;PINZA ARO J08 LARGUERO DELANTERO DER V23
2790204;PINZA ARO J12 LARGUERO DELANTERO DER V23
2790205;PINZA ARO X03 LARGUERO DELANTERO DER REP
2790207;PINZA ARO J12SPE LARGUERO DELANTERO V233
2790208;PINZA ARO X03 LARGUERO DELANTERO IZQ REP
2790209;PINZA ARO J08 PISO TRASERO DER V233163
2790210;PINZA ARO X02 LARGUERO DELANTERO IZQ V23
2790211;PINZA ARO J08 LARGUERO DELANTERO IZQ V23
2790212;PINZA ARO X04 SOPORTE BATERÍA HJD
2790213;PINZA ARO X03 LARGUERO DELANTERO IZQ V23
2790214;PINZA ARO X07 SUBENSAMBLE CENTRAL V23319
2790215;PINZA ARO J10 SUBENSAMBLE CENTRAL REP
2790216;PINZA ARO X15 SUBENSAMBLE CENTRAL V23317
2790217;PINZA ARO X15 SUBENSAMBLE CENTRAL V23317
2790218;PINZA ARO X18 SUBENSAMBLE CENTRAL REP
2790219;PINZA ARO X18 SUBENSAMBLE CENTRAL REP
2790220;PINZA ARO X15 SUBENSAMBLE CENTRAL V23316
2790221;PINZA ARO X15 SUBENSAMBLE CENTRAL REP
2790222;PINZA ARO X15 SUBENSAMBLE CENTRAL REP
2790223;PINZA ARO X15 SUBENSAMBLE CENTRAL REP
2790224;PINZA ARO J03 SUBENSAMBLE TRASERO REP
2790225;PINZA ARO X19 SUBENSAMBLE TRASERO REP
2790226;PINZA ARO X19 SUBENSAMBLE TRASERO REP
2790227;PINZA ARO X20SPE SUBENSAMBLE TRASERO V22
2790228;PINZA ARO X20SPE SUBENSAMBLE TRASERO V22
2790229;PINZA ARO J18 SUBENSAMBLE TRASERO V23318
2790230;PINZA ARO J18 SUBENSAMBLE TRASERO V23318
2790231;PINZA ARO X20 SUBENSAMBLE TRASERO V22318
2790232;PINZA ARO X20SPE SUBENSAMBLE TRASERO V22
2790233;PINZA ARO X13 TABLERO TA100 REP
2790234;PINZA ARO X13 TABLERO TA100 REP
2790235;PINZA ARO X08 TRAVIEZA INFERIOR TB005 V2
2790236;PINZA ARO J08 TRAVIEZA INFERIOR TB010 V2
2790237;PINZA ARO J08 TRAVIEZA INFERIOR TB020 RE
2790238;PINZA ARO J08 TRAVIEZA INFERIOR TB030 V2
2790239;PINZA ARO J08 TRAVIEZA INFERIOR TB040 V2
2790240;PINZA ARO X05 TRAVIEZA CENTRAL V23316900
2790241;PINZA ARO X04 HOJA DE CIERRE CENTRAL  V2
2790242;PINZA ARO X04 HOJA DE CIERRE CENTRAL  V2
2790243;PINZA ARO X04 HOJA DE CIERRE CENTRAL  V2
2790244;PINZA ARO X04 HOJA DE CIERRE CENTRAL  V2
2790245;PINZA ARO X10 LAMINA PISO TRASERO V23318
2790246;PINZA ARO X10 LAMINA PISO TRASERO V23318
2790247;PINZA ARO X04 TUNEL TU010 REP
2790248;PINZA ARO X07 TUNEL TU020 V233190000F
2790249;PINZA ARO X07 TUNEL TU020 V233190000F
2790252;MATRIZ PASORUEDA DERECHO BBB
2790253;MATRIZ PASORUEDA IZQUIERDO BBB
2790254;MATRIZ TABLERO TA101 BBB
2790255;MATRIZ EC40 BBB
2790256;Remache Aleta derecha
2790257;Remache Aleta izquierda
2790259;Sertissage Robot Puerta de cofre
2790260;Preparación bisagras pta .de cofre CR800
2790261;Preparación bisagras capó CV800
2790262;Preparación bisagras pta.del y tras dere
2790263;Preparación bisagras pta.del y tras dere
2790264;MATRIZ MARCO DELANTERO CW100
2790265;MATRIZ PISO TRASERO CX010
2790266;MATRIZ FORRO DE PIE DPD100
2790267;MATRIZ FORRO DE PIE DPD200
2790268;MATRIZ FORRO DE PIE DPG100
2790269;MATRIZ FORRO DE PIE DPG200
2790270;MATRIZ EC010
2790271;MATRIZ CIERRE SUPERIOR FS100
2790272;MATRIZ FALDON INFERIOR JR010
2790273;MATRIZ LARGUERO TRASERO LRD060
2790274;MATRIZ LARGUEROS TRASEROS LRD040
2790275;MATRIZ LARGUEROS TRASEROS LRG040
2790276;MATRIZ LARGUERO TRASERO LRD080
2790277;MATRIZ LARGUERO TRASERO LRD045
2790278;MATRIZ LARGUERO TRASERO LRG045
2790279;MATRIZ LARGUERO TRASERO LRG060
2790280;MATRIZ LARGUERO TRASERO LRG080
2790281;MATRIZ LARGUERO DELANTERO LVD010
2790282;MATRIZ LARGUERO DELANTERO LVD025
2790283;MATRIZ LARGUERO DELANTERO LVD030
2790284;MATRIZ LARGUERO DELANTERO LVD035
2790285;MATRIZ LARGUERO DELANTERO LVD040
2790286;MATRIZ LARGUERO DELANTERO LVD200
2790287;MATRIZ LARGUERO DELANTERO LVD300
2790288;MATRIZ LARGUERO DELANTERO LVG010
2790289;MATRIZ LARGUERO DELANTERO LVG030
2790290;MATRIZ LARGUERO DELANTERO LVG035
2790291;MATRIZ LARGUERO DELANTERO LVG040
2790292;MATRIZ LARGUERO DELANTERO LVG200
2790293;MATRIZ LARGUERO DELANTERO LVG300
2790294;MATRIZ SUBENSAMBLE CENTRAL SC020
2790295;MATRIZ SUBENSAMBLE CENTRAL SC035
2790296;MATRIZ SUBENSAMBLE CENTRAL SC040
2790297;MATRIZ SUBENSAMBLE CENTRAL SC050
2790298;MATRIZ SUBENSAMBLE CENTRAL SC055
2790299;MATRIZ SUBENSAMBLE CENTRAL SC060
2790300;MATRIZ SUBENSAMBLE TRASERO SR005
2790301;MATRIZ SUBENSAMBLE TRASERO SR010
2790302;MATRIZ SUBENSAMBLE TRASERO SR040
2790303;MATRIZ TABLERO TA100
2790304;MATRIZ TRAVIEZA INFERIOR TB005
2790305;MATRIZ TRAVIEZA INFERIOR TB010
2790306;MATRIZ TRAVIEZA INFERIOR TB020
2790307;MATRIZ TRAVIEZA INFERIOR TB030
2790308;MATRIZ TRAVIEZA INFERIOR TB040
2790309;MATRIZ TRAVIEZA CENTRAL TC045
2790310;MATRIZ HOJA DE CIERRE CENTRAL TFD002
2790311;MATRIZ HOJA DE CIERRE CENTRAL TFD005
2790312;MATRIZ HOJA DE CIERRE CENTRAL TFG002
2790313;MATRIZ HOJA DE CIERRE CENTRAL TFG005
2790314;MATRIZ LAMINA PISO TRASERO TR040
2790315;MATRIZ TUNEL TU010
2790316;MATRIZ TUNEL TU020
2790317;LARGUERO DELANTERO DERECHO BBB
2790318;MATRIZ LARGUERO DELANTERO IZQUIERDO BBB
2790319;MATRIZ TABLERO TA150 BBB
2790320;MATRIZ  PARCLOSE CL85 BBB
2790321;MATRIZ PORTILLON CR100 BBB
2790322;MATRIZ PORTILLON CR500 BBB
2790323;MATRIZ CAPO CV100 BBB
2790324;MATRIZ PUERTAS TRASERAS BBB
2790325;MATRIZ PUERTAS TRASERAS BBB
2790326;MATRIZ PUERTAS PRGD701 BBB
2790327;MATRIZ PUERTAS TRASERAS BBB
2790328;MATRIZ PUERTAS TRASERAS BBB
2790329;MATRIZ PUERTAS PRG701 BBB
2790330;MATRIZ PUERTAS DELANTERAS BBB
2790331;MATRIZ  PUERTAS DELANTERAS BBB
2790332;MATRIZ PUERTAS DELANTERAS BBB
2790333;MATRIZ PUERTAS DELANTERAS BBB
2790334;MATRIZ PUERTAS PVGD701 BBB
2790335;MATRIZ PUERTAS DELANTERAS BBB
2790336;MATRIZ PUERTAS DELANTERAS BBB
2790337;MATRIZ PUERTAS DELANTERAS BBB
2790338;MATRIZ PUERTAS DELANTERAS BBB
2790339;MATRIZ PUERTAS PVG701 BBB
2790340;MASTIC  Capó
2790341;MASTIC  PRD
2790342;MASTIC  PVD500
2790343;MASTIC  PRG
2790344;SERTISSAGE MASTIC  PUERTAS DEL-TRAS DERE
2790345;MASTIC  PVG500
2790346;MATRIZ  CCD006 BBB
2790347;MATRIZ  CCD010 BBB
2790348;MATRIZ  CCD020 BBB
2790349;MATRIZ  CCD025 BBB
2790350;MATRIZ  CCD030 BBB
2790351;MATRIZ  CCD040 BBB
2790352;MATRIZ  CCD045 BBB
2790353;MATRIZ  LATERALES CCD400 BBB
2790354;MATRIZ  LATERALES CCD500 BBB
2790355;MATRIZ  CCG006 BBB
2790356;MATRIZ  CCG010 BBB
2790357;MATRIZ  CCG020 BBB
2790358;MATRIZ  CCG025 BBB
2790359;MATRIZ  CCG030 BBB
2790360;MATRIZ  CCG040 BBB
2790361;MATRIZ  CCG045 BBB
2790362;MATRIZ  LATERALES CCG400 BBB
2790363;MATRIZ  LATERALES CCG500 BBB
2790364;MATRIZ  PASORUEDAS DER BBB
2790365;MATRIZ  PASORUEDAS IZQ BBB
2790366;MATRIZ SUBENSAMBLE TRASERO SR045 BBB
2790367;PISTOLA TUCKER MASA LVG500
2790368;PISTOLA TUCKER M5 LVG500
2790369;PISTOLA TUCKER MASA LVD500
2790370;PISTOLA TUCKER M5 LVD500
2790371;PISTOLA TUCKER MASA TA150
2790372;PISTOLA TUCKER M6 LVD500
2790373;PISTOLA TUCKER M5 TA150
2790374;PISTOLA TUCKER M6 LARGO TA150
2790375;PISTOLA TUCKER DPDG200
2790376;PISTOLA TUCKER DPDG200
2790377;PISTOLA TUCKER DPDG200
2790378;PISTOLA TUCKER SC060 M6 ESP CORTO
2790379;PISTOLA TUCKER SC060
2790380;PISTOLA TUCKER SC060
2790381;PISTOLA TUCKER SC060
2790382;PISTOLA TUCKER SR045
2790383;PISTOLA TUCKER SR045
2790384;PISTOLA TUCKER SR045
2790385;MODULO DE POTENCIA LVG500
2790386;MODULO DE POTENCIA LVD500
2790387;MODULO DE POTENCIA TA150
2790388;MODULO DE POTENCIA DPDG200
2790389;MODULO DE POTENCIA SC060
2790390;MODULO DE POTENCIA SR045
2790391;BOMBA DE MASTIC  PF250 LVG010
2790392;BOMBA DE MASTIC PF250 TB010
2790393;BOMBA DE MASTIC PF250 TB020-TB030
2790394;BOMBA DE MASTIC PF250 SC060
2790395;BOMBA DE MASTIC RB50BV CCD400
2790396;BOMBA DE MASTIC PF250 CCGD400
2790397;BOMBA DE MASTIC PF250 CCGD500
2790398;BOMBA DE MASTIC RB050 PVG500-CV500
2790399;BOMBA DE MASTIC PF250 PVG500-PRG200-CV50
2790400;BOMBA DE MASTIC RB050 PVD500-CR500
2790401;BOMBA DE MASTIC RB050 PRD500-PVD701-PRD7
2790402;BOMBA DE MASTIC PF250 PVD500-PRD200-CR50
2790403;PISTOLA DE MASTIC PF250 LVG010
2790404;PISTOLA DE MASTIC PF250 LVG010
2790405;PISTOLA DE MASTIC PF250 TB010
2790406;PISTOLA DE MASTIC PF250 TB020
2790407;PISTOLA DE MASTIC PF250 TB030
2790408;PISTOLA DE MASTIC PF250 SC060
2790409;PISTOLA DE MASTIC RB50BV CCD400
2790410;PISTOLA DE MASTIC RB50BV CCD400
2790411;PISTOLA DE MASTIC PF250 CCD400
2790412;PISTOLA DE MASTIC PF250 CCG400
2790413;PISTOLA DE MASTIC PF250 CCD500
2790414;PISTOLA DE MASTIC PF250 CCG500
2790415;PISTOLA DE MASTIC RB50BV PVG500
2790416;PISTOLA DE MASTIC RB50BV CV500
2790417;PISTOLA DE MASTIC RB50BV PRG500
2790418;PISTOLA DE MASTIC RB50BV PVRG701
2790419;PISTOLA DE MASTIC PF250 PVG500
2790420;PISTOLA DE MASTIC PF250 PVG500
2790421;PISTOLA DE MASTIC PF250 PRG200
2790422;PISTOLA DE MASTIC PF250 PRG200
2790423;PISTOLA DE MASTIC PF250 CV500
2790424;PISTOLA DE MASTIC RB50BV PVD500
2790425;PISTOLA DE MASTIC RB50BV CR500
2790426;PISTOLA DE MASTIC RB50BV PRD500
2790427;PISTOLA DE MASTIC RB50BV PVRD701
2790428;PISTOLA DE MASTIC PF250 PVD500
2790429;PISTOLA DE MASTIC PF250 PVD500
2790430;PISTOLA DE MASTIC PF250 PRD200
2790431;PISTOLA DE MASTIC PF250 PRD200
2790432;PISTOLA DE MASTIC PF250 CR500
2790804;EQUIPO MILLER LVG500
2790809;SKID BM #15
2790810;SKID BM #16
2790811;SKID BM #17
2790812;SKID BM #18
2790813;SKID BM #19
2790814;SKID BM #20
2790816;POLIPASTO PISO TRASERO BBB
2791037;Medio transporte AGV Carreta SKID 7
2791038;Medio transporte AGV Carreta SKID 8
2791039;Medio transporte AGV Carreta SKID 9
2791040;Medio transporte AGV Carreta SKID 10
2791260;PISTOLA APRIETE MONTAJE CAPO-ALETAS
2791261;PISTOLA APRIETE MONTAJE CAPO-ALETAS
2791262;PISTOLA APRIETE PUERTAS DELANTERAS PVGD8
2791264;ANGULAR TORQUE PUERTAS DELANTERAS PVGD80
2791265;ANGULAR TORQUE PUERTAS TRASERAS PRGD800
2791272;ANGULAR TORQUE CAPO CV800
2791273;ANGULAR TORQUE PORTILLON CR800
2791274;ANGULAR TORQUE MONTAJE CAPO-ALETAS
2791275;ANGULAR TORQUE MONTAJE CAPO-ALETAS
2791325;REMACHADORA  ALETAS
2791326;REMACHADORA  STAND BY
2791662;DISPOSITIVO FERRAGE PTD BBB
2791663;DISPOSITIVO FERRAGE PTI BBB
2791664;DISPOSITIVO FERRAGE PDD BBB
2791665;DISPOSITIVO FERRAGE PDI BBB
2791690;ISLA SERTISSAGE BBB CL2
2791691;ROBOT DE SERTISSAGE B1 CL2
2791692;ROBOT DE SERTISSAGE B2 ABB BBB CL1
2791693;ROBOT DE SERTISSAGE B2 ABB BBB CL2
2791695;ROBOT DE SERTISSAGE D0 ABB BBB CL1
2791696;MOLDE DE SERTISSAGE A01 CR700 BBB
2791697;MOLDE DE SERTISSAGE A03 CV700 BBB
2791698;MOLDE DE SERTISSAGE B03 PVG700 BBB
2791699;MOLDE DE SERTISSAGE B02 PRD700 BBB
2791700;MOLDE DE SERTISSAGE B01 PVD700 BBB
2791701;MOLDE DE SERTISSAGE B04 PRG700 BBB
2792785;POLIPASTO PISO TRASERO SR010 BBB
2792786;POLIPASTO PISO TRASERO SR040 BBB
2798020;ASISTENCIA NEUMATICA PVG300
2798021;ASISTENCIA NEUMATICA PVD300
2798022;DISPOSITIVO LECTOR RFID
2799080;ASISTENCIA NEUMATICA PVRGD800
2816621;MATRIZ FALDON INFERIOR JR015
2820045;MATRIZ CF010 BBB
2820046;Montaje Capó y Aletas BBB
2820528;GRIPPER DE TECHO BBB C74
2820529;GRIPPER FACHADA TRASERA BBB C124
2820530;GRIPPER LADO DERECHO BBB C44
2820531;GRIPPER LADO IZQUIERDO BBB C34
2820635;MATRIZ CS010 BBB
2820815;GRIPPER EC20 BBB F03
2820917;ASISTENCIA MANUAL CON GIRO LVG200
2820920;ASISTENCIA MANUAL CON GIRO LVG300
2820921;ASISTENCIA MANUAL SENCILLA LVG500
2820922;ASISTENCIA MANUAL CON GIRO LVD200
2820923;ASISTENCIA MANUAL CON GIRO LVD300
2820924;ASISTENCIA MANUAL SENCILLA LVD500
2820925;ASISTENCIA MANUAL CON GIRO FS100
2820926;ASISTENCIA MANUAL CON GIRO TA150
2820927;ASISTENCIA MANUAL CON GIRO TR040
2820928;ASISTENCIA MANUAL SENCILLA CX010
2820929;ASISTENCIA MANUAL SENCILLA SR010
2820930;ASISTENCIA MANUAL SENCILLA SR040
2820931;ASISTENCIA MANUAL CON GIRO SC040
2820934;ASISTENCIA MANUAL CON GIRO SC050
2820935;ASISTENCIA MANUAL SENCILLA SC055
2821176;GCI Multinivel Norte Piso 1 Costado Nort
2821177;GCI Multinivel Norte Piso 1 Centro
2821178;GCI Multinivel Norte Piso 1 Costado Sur
2821179;GCI Multinivel Norte Piso 2 Costado Nort
2821180;GCI Multinivel Norte  Piso 2 Centro
2821181;GCI Multinivel Norte Piso 2 Costado Sur
2821182;GCI Multinivel Norte Piso 1 Costado Nort
2821183;GCI Multinivel Norte Piso 3 Centro
2821184;GCI Multinivel Norte Piso 3 Costado Sur
2835856;POLIPASTO LATERAL 1 IZQUIERDO
2835857;POLIPASTO LATERAL 1 DERECHO
2837831;DISPOSITIVO FACHADA TRASERA BBB
2838464;DISPOSITIVO TUCKER BBB
2840267;ANGULAR TORQUE MONTAJE ROTULA CINTURON
2841204;PISTOLA TUCKER M5 TA100
2841220;MODULO POTENCIA TUCKER BBB TA100
2841222;MODULO POTENCIA TUCKER BBB TA101
2841223;PISTOLA TUCKER M6 TA101
2855825;EQUIPO MILLER CO2 DERECHO BBB
2857746;DISPOSITIVO PROTECTOR DE ROMANAS CO2
2857859;POLIPASTO PISO CENTRAL BBB SC050
2857860;POLIPASTO PISO CENTRAL BBB SC055
2857861;POLIPASTO PISO TRASERO BBB SR040
2858968;PINZA ARO X5 SPE BM10 IZQ V153211
2858969;PINZA ARO X5 SPE BM10 DER V153211
2868711;ASISTENCIA NEUMATICA TU020
2869059;PISTOLA TUCKER MASA LAT 1 IZQUIERDO X52
2870187;MATRIZ LVD005 SOPORTE DE SUSPENSION GMP
2870188;MATRIZ LVG001 SOPORTE DE BATERIA CVTX HJ
2870189;MATRIZ CCG260 REFUERZO PIE DELANTERO IZQ
2870190;MATRIZ CCD260 REFUERZO PIE DELANTERO DER
2870191;MATRIZ CCD175 REFUERZO DE BRANCARD DERE
2870192;MATRIZ CCG175 REFUERZO DE BRANCARD IZQUI
2876444;MEDIO DE SUMINISTRO DE TECHOS BM50 01
2876445;MEDIO DE SUMINISTRO DE TECHOS BM50 02
2876446;MEDIO DE SUMINISTRO DE TECHOS BM50 03
2876447;MEDIO DE SUMINISTRO DE TECHOS BM50 04
2876448;MEDIO DE SUMINISTRO DE TECHOS BM50 05
2876449;MEDIO DE SUMINISTRO DE TECHOS BM50 06
2876450;MEDIO DE SUMINISTRO DE TECHOS BM50 03
2876451;MEDIO DE SUMINISTRO DE TECHOS BM50 08
